ticker,expected_active,download_status,last_error
AAGRY,True,success,
AAUKF,True,success,
ABLZF,True,success,
ABTZY,True,success,
ABZPF,True,success,
ABZPY,True,success,
ACGBF,True,success,
ACGBY,True,success,
ACJJF,True,success,
ACKAY,True,success,
ACOLF,True,success,
ACPIF,True,success,
ADDHY,True,success,
ADTTF,True,success,
ADZZF,True,success,
AEORF,True,success,
AGPPF,True,success,
AGRPF,True,success,
AGRPY,True,success,
AHHLF,True,success,
AHICF,True,success,
AHKSF,True,success,
AICAF,True,success,
AICHF,True,success,
AIHZF,True,success,
AIKCF,True,success,
AINPF,True,success,
AIPUF,True,success,
AIQUF,True,success,
AIRYY,True,success,
AITUF,True,success,
AITUY,True,success,
AJINF,True,success,
AKAAF,True,success,
AKEJF,True,success,
ALFFF,True,success,
ALFRY,True,success,
ALFVF,True,success,
ALMMF,True,success,
ALNPF,True,success,
ALPMF,True,success,
AMANF,True,success,
AMDLY,True,success,
AMDWF,True,success,
AMKYF,True,success,
AMSYF,True,success,
AMXOF,True,success,
ANPDF,True,success,
ANTOF,True,success,
ANYCF,True,success,
ANZGF,True,success,
AONNF,True,success,
AOZOF,True,success,
AOZOY,True,success,
APELF,True,success,
APNHF,True,success,
APNHY,True,success,
ARGNF,True,success,
ARGPF,True,success,
ARHUF,True,success,
ASBHY,True,success,
ASBRF,True,success,
ASCCF,True,success,
ASEKF,True,success,
ASEKY,True,success,
ASKLF,True,success,
ASLTY,True,success,
ASMVF,True,success,
ASRMF,True,success,
ASUUY,True,success,
ATLFF,True,success,
ATLPF,True,success,
AUCTF,True,success,
AVIKF,True,success,
AVIVF,True,success,
AVVZF,True,success,
AWTRF,True,success,
AXAHF,True,success,
AXFOF,True,success,
AYAAF,True,success,
AYAAY,True,success,
AYALY,True,success,
AYYLF,True,success,
BABAF,True,success,
BACHF,True,success,
BACHY,True,success,
BAIDF,True,success,
BALDF,True,success,
BBAJF,True,success,
BBVXF,True,success,
BCCLF,True,success,
BCDRF,True,success,
BCLYF,True,success,
BCMXY,True,success,
BDOUF,True,success,
BDULF,True,success,
BDUUF,True,success,
BDUUY,True,success,
BDVSY,True,success,
BHPLF,True,success,
BIOVF,True,success,
BKALF,True,success,
BKHPF,True,success,
BKKPF,True,success,
BKRKF,True,success,
BKZHF,True,success,
BKZHY,True,success,
BLBLF,True,success,
BLJZY,True,success,
BLMIF,True,success,
BMBOY,True,success,
BMBRF,True,success,
BMLKF,True,success,
BNKHF,True,success,
BNXYF,True,success,
BPAQF,True,success,
BPHLF,True,success,
BPPPF,True,success,
BRDLF,True,success,
BRTHF,True,success,
BRTHY,True,success,
BTAFF,True,success,
BUDFF,True,success,
BUHPF,True,success,
BUMTF,True,success,
BYCRF,True,success,
BYMAF,True,success,
CABHF,True,success,
CABJF,True,success,
CAJFF,True,success,
CAOVF,True,success,
CAOVY,True,success,
CBAUF,True,success,
CBCFF,True,success,
CCKRF,True,success,
CCOEF,True,success,
CCOJF,True,success,
CCOJY,True,success,
CCOZF,True,success,
CCRDF,True,success,
CEBCF,True,success,
CEHCF,True,success,
CFRHF,True,success,
CGCLF,True,success,
CGKEF,True,success,
CGKEY,True,success,
CGMBF,True,success,
CGNWF,True,success,
CGXYF,True,success,
CGXYY,True,success,
CHBAY,True,success,
CHBJF,True,success,
CHBKF,True,success,
CHCLY,True,success,
CHDRF,True,success,
CHDRY,True,success,
CHEAF,True,success,
CHGCF,True,success,
CHHQY,True,success,
CHJTF,True,success,
CHKGF,True,success,
CHKIF,True,success,
CHPFF,True,success,
CHUEF,True,success,
CHWRF,True,success,
CHYCF,True,success,
CHYCY,True,success,
CIADF,True,success,
CIADY,True,success,
CICHF,True,success,
CICOF,True,success,
CICOY,True,success,
CIHHF,True,success,
CIMDF,True,success,
CINSF,True,success,
CISXF,True,success,
CIXPF,True,success,
CJEWF,True,success,
CJEWY,True,success,
CJPRF,True,success,
CKHGF,True,success,
CKHUF,True,success,
CKISY,True,success,
CLBEY,True,success,
CLPBF,True,success,
CLPHF,True,success,
CLPXF,True,success,
CMCLY,True,success,
CMGGF,True,success,
CMHHF,True,success,
CMHHY,True,success,
CMPGF,True,success,
CMPRF,True,success,
CMSYF,True,success,
CMTDF,True,success,
CMTOY,True,success,
CMZOF,True,success,
COCSF,True,success,
COLZF,True,success,
CPCAF,True,success,
CPCAY,True,success,
CPNNF,True,success,
CPOUF,True,success,
CPPCY,True,success,
CRARF,True,success,
CRBJF,True,success,
CRBJY,True,success,
CRCBY,True,success,
CRCCY,True,success,
CRHKF,True,success,
CRMLY,True,success,
CRPFY,True,success,
CRPJY,True,success,
CRWOF,True,success,
CSASF,True,success,
CSDXF,True,success,
CSGYY,True,success,
CSIOF,True,success,
CSIOY,True,success,
CSMYF,True,success,
CTIHY,True,success,
CTOWY,True,success,
CTPCF,True,success,
CTPCY,True,success,
CUAEF,True,success,
CUGKF,True,success,
CUYRF,True,success,
CVHSY,True,success,
CVPBF,True,success,
CWQXF,True,success,
CWQXY,True,success,
CYAGF,True,success,
CYGIY,True,success,
CZGZF,True,success,
DAIDF,True,success,
DAIPF,True,success,
DAIUF,True,success,
DAWUF,True,success,
DBSDF,True,success,
DCNSF,True,success,
DCYHF,True,success,
DCYHY,True,success,
DENKF,True,success,
DEXCF,True,success,
DICCF,True,success,
DINRF,True,success,
DITTF,True,success,
DKCLF,True,success,
DKILF,True,success,
DKSSF,True,success,
DLEGF,True,success,
DLGEF,True,success,
DLMAY,True,success,
DMCHY,True,success,
DNACF,True,success,
DNBBF,True,success,
DNGFF,True,success,
DNPCF,True,success,
DNPLY,True,success,
DNPUF,True,success,
DNSKF,True,success,
DNTUF,True,success,
DNTUY,True,success,
DNZOF,True,success,
DPRTF,True,success,
DSHHF,True,success,
DSKIF,True,success,
DSKNF,True,success,
DSKYF,True,success,
DTEGF,True,success,
DTNHF,True,success,
DTSOF,True,success,
DWAHF,True,success,
DWMNF,True,success,
EA,True,success,
EBCOF,True,success,
EDRWY,True,success,
EIPAF,True,success,
EKIVY,True,success,
ELCMF,True,success,
ELPQF,True,success,
EMBVF,True,success,
ENGQF,True,success,
ENPSF,True,success,
EPIAF,True,success,
EPIPF,True,success,
EPWDF,True,success,
ERELY,True,success,
ERIXF,True,success,
ESALF,True,success,
ESOCF,True,success,
ETTYF,True,success,
EYGPF,True,success,
EYUUF,True,success,
EZKGF,True,success,
FANDF,True,success,
FANDY,True,success,
FANUF,True,success,
FBASF,True,success,
FELTF,True,success,
FIELF,True,success,
FIGIF,True,success,
FJTNF,True,success,
FJTNY,True,success,
FJTSF,True,success,
FKDSF,True,success,
FKKFF,True,success,
FKKFY,True,success,
FKWAF,True,success,
FMMFF,True,success,
FMXUF,True,success,
FNOEF,True,success,
FOVSY,True,success,
FRCOF,True,success,
FREKF,True,success,
FRRZF,True,success,
FUJIF,True,success,
FUJSF,True,success,
FUJXF,True,success,
FUWAF,True,success,
GAERF,True,success,
GAILF,True,success,
GBOOF,True,success,
GBRSF,True,success,
GCHEF,True,success,
GDNGY,True,success,
GEDSF,True,success,
GFSEF,True,success,
GGDVY,True,success,
GIVPY,True,success,
GJNSF,True,success,
GLPJF,True,success,
GLYYY,True,success,
GMGSF,True,success,
GMOYF,True,success,
GMXTF,True,success,
GMYOY,True,success,
GMYTF,True,success,
GMYYF,True,success,
GNGBF,True,success,
GNIIF,True,success,
GPAEF,True,success,
GPFOF,True,success,
GRBMF,True,success,
GTMEF,True,success,
GTMEY,True,success,
GTOFF,True,success,
GUNGF,True,success,
GUOSF,True,success,
GWLLY,True,success,
GWNCF,True,success,
GWWTF,True,success,
GXYEF,True,success,
GYUAF,True,success,
HACBF,True,success,
HACBY,True,success,
HAZAF,True,success,
HBCYF,True,success,
HESAF,True,success,
HGKGY,True,success,
HGMCF,True,success,
HHSSF,True,success,
HISJF,True,success,
HIZOF,True,success,
HKCVF,True,success,
HKEPF,True,success,
HKPMF,True,success,
HKTGF,True,success,
HKTTF,True,success,
HKTTY,True,success,
HKUOF,True,success,
HKUOY,True,success,
HKXCF,True,success,
HLDVF,True,success,
HMRZF,True,success,
HNHAF,True,success,
HNSPF,True,success,
HNWAF,True,success,
HOCPF,True,success,
HOFJF,True,success,
HOIEF,True,success,
HOKCF,True,success,
HOKCY,True,success,
HOKRF,True,success,
HOSHF,True,success,
HPCRF,True,success,
HPHTF,True,success,
HPHTY,True,success,
HPIFF,True,success,
HPIFY,True,success,
HRIBF,True,success,
HROEY,True,success,
HROGF,True,success,
HRSEF,True,success,
HRSHF,True,success,
HSHIF,True,success,
HSHZY,True,success,
HSKCF,True,success,
HSSKY,True,success,
HSYDF,True,success,
HTCMF,True,success,
HTCMY,True,success,
HTOCF,True,success,
HUATF,True,success,
HULCF,True,success,
HUNGF,True,success,
HWARF,True,success,
HYKUF,True,success,
HYUHF,True,success,
IBADF,True,success,
IBDSF,True,success,
IBIDF,True,success,
ICHBF,True,success,
ICHIF,True,success,
IDCBF,True,success,
IDDTF,True,success,
IDDWF,True,success,
IDEXF,True,success,
IDKOY,True,success,
IDTRY,True,success,
IDTVF,True,success,
IESFY,True,success,
IFMNF,True,success,
IHHHF,True,success,
IHICF,True,success,
IIJIF,True,success,
IIJIY,True,success,
IITSF,True,success,
IMHDF,True,success,
IMHDY,True,success,
IMPUF,True,success,
INDOY,True,success,
INGVF,True,success,
INRHF,True,success,
IPXHF,True,success,
ISUZF,True,success,
ITCTY,True,success,
ITOCF,True,success,
IUSDF,True,success,
IVBIY,True,success,
IVBXF,True,success,
IVSBF,True,success,
IVSXF,True,success,
IVTBF,True,success,
IWTNF,True,success,
IZMIF,True,success,
JAIRF,True,success,
JAPAF,True,success,
JAPSY,True,success,
JBFCF,True,success,
JDCMF,True,success,
JDHIF,True,success,
JDHIY,True,success,
JDLGF,True,success,
JELLF,True,success,
JEXYF,True,success,
JEXYY,True,success,
JFEEF,True,success,
JGCCF,True,success,
JGCCY,True,success,
JGSMY,True,success,
JHPCY,True,success,
JNDOF,True,success,
JNNDF,True,success,
JPAVF,True,success,
JPDYY,True,success,
JPEVF,True,success,
JPHLF,True,success,
JPNPY,True,success,
JPNRF,True,success,
JPPIF,True,success,
JPRRF,True,success,
JPSTF,True,success,
JPSWF,True,success,
JPSWY,True,success,
JPTXF,True,success,
JREIF,True,success,
JRFIF,True,success,
JRHIF,True,success,
JSGCF,True,success,
JSGRY,True,success,
JTEKY,True,success,
JTTRY,True,success,
JVCKF,True,success,
JVCZY,True,success,
JXHGF,True,success,
JXHLY,True,success,
JYSKF,True,success,
JYSKY,True,success,
KAEPF,True,success,
KAEPY,True,success,
KAIKY,True,success,
KAJMF,True,success,
KAJMY,True,success,
KAKKF,True,success,
KANKF,True,success,
KAOCF,True,success,
KBKIF,True,success,
KBSTF,True,success,
KBYPF,True,success,
KCDMF,True,success,
KDDIF,True,success,
KDKWF,True,success,
KELRF,True,success,
KGBLY,True,success,
KGHPF,True,success,
KGMEF,True,success,
KGTFF,True,success,
KGTFY,True,success,
KGTHY,True,success,
KHEXF,True,success,
KHNRF,True,success,
KIKOF,True,success,
KIKOY,True,success,
KKKUF,True,success,
KKPCF,True,success,
KLYCY,True,success,
KMDHF,True,success,
KMGGF,True,success,
KMRIF,True,success,
KMTUF,True,success,
KNAMF,True,success,
KNBWF,True,success,
KNCAF,True,success,
KNCAY,True,success,
KNFSF,True,success,
KNMOF,True,success,
KNOIF,True,success,
KOBCY,True,success,
KOBNF,True,success,
KOKSF,True,success,
KONMY,True,success,
KOSCF,True,success,
KOZAY,True,success,
KPCPF,True,success,
KPCUF,True,success,
KPTCY,True,success,
KSANF,True,success,
KSHTY,True,success,
KSPHF,True,success,
KSRYY,True,success,
KSTUF,True,success,
KTERF,True,success,
KTHAF,True,success,
KTITF,True,success,
KTWIF,True,success,
KTWIY,True,success,
KUASF,True,success,
KUBTF,True,success,
KUCPF,True,success,
KUKYF,True,success,
KUMBF,True,success,
KUNUF,True,success,
KURCF,True,success,
KURRF,True,success,
KURRY,True,success,
KWPCF,True,success,
KYDKF,True,success,
KYHHY,True,success,
KYKOF,True,success,
KYKOY,True,success,
KYOCF,True,success,
KYRNF,True,success,
KYSEF,True,success,
KYSEY,True,success,
KYWAF,True,success,
LAAOF,True,success,
LBGUF,True,success,
LBLCF,True,success,
LEOPF,True,success,
LFABF,True,success,
LFCBY,True,success,
LIFCF,True,success,
LIFNF,True,success,
LIOPF,True,success,
LIOPY,True,success,
LKREF,True,success,
LLDTF,True,success,
LNTCY,True,success,
LNTEF,True,success,
LOBLY,True,success,
LRLCF,True,success,
LSRCF,True,success,
LTOUF,True,success,
MAEOY,True,success,
MAHLY,True,success,
MAHMF,True,success,
MAURF,True,success,
MAURY,True,success,
MAUSY,True,success,
MAWAF,True,success,
MBFJF,True,success,
MBGCF,True,success,
MBSHY,True,success,
MBUMF,True,success,
MBUMY,True,success,
MCHIF,True,success,
MCQEF,True,success,
MDIKF,True,success,
MDIKY,True,success,
MDNDF,True,success,
MEBUF,True,success,
MECGF,True,success,
MEITF,True,success,
MEJHF,True,success,
MEPDF,True,success,
MERVF,True,success,
MGAWF,True,success,
MGAWY,True,success,
MHSMF,True,success,
MHTCF,True,success,
MICLF,True,success,
MIESF,True,success,
MIESY,True,success,
MILGF,True,success,
MIMTF,True,success,
MINBY,True,success,
MINOF,True,success,
MIPCF,True,success,
MITCF,True,success,
MITEF,True,success,
MITUF,True,success,
MITUY,True,success,
MIUFF,True,success,
MIUFY,True,success,
MIURF,True,success,
MIZUF,True,success,
MJPNF,True,success,
MKMLF,True,success,
MKOEF,True,success,
MLLUY,True,success,
MLYBY,True,success,
MLYNF,True,success,
MMTHF,True,success,
MMTOY,True,success,
MNBEF,True,success,
MNDDF,True,success,
MNFYY,True,success,
MNICF,True,success,
MNILY,True,success,
MNNLF,True,success,
MNRIF,True,success,
MNXBF,True,success,
MNYFF,True,success,
MOLFF,True,success,
MONOF,True,success,
MPNGF,True,success,
MRAAF,True,success,
MRCHF,True,success,
MRCIF,True,success,
MRHLF,True,success,
MRSKF,True,success,
MRUHF,True,success,
MSADF,True,success,
MSBPF,True,success,
MSLOF,True,success,
MSMKF,True,success,
MSSMY,True,success,
MTCPY,True,success,
MTGSF,True,success,
MTHRF,True,success,
MTLHF,True,success,
MTLHY,True,success,
MTNOF,True,success,
MTNOY,True,success,
MTPOF,True,success,
MTPOY,True,success,
MTRJF,True,success,
MTSEF,True,success,
MTSFF,True,success,
MTWTF,True,success,
MURGF,True,success,
MWTCF,True,success,
MWTCY,True,success,
MZHOF,True,success,
MZTFF,True,success,
NATKY,True,success,
NAUBF,True,success,
NBFJF,True,success,
NBNKF,True,success,
NCBDF,True,success,
NCHEF,True,success,
NCHEY,True,success,
NCKAF,True,success,
NCLTY,True,success,
NCTKF,True,success,
NDEKF,True,success,
NDRBF,True,success,
NEMCL,True,success,
NETTF,True,success,
NEXHY,True,success,
NEXOF,True,success,
NFPDF,True,success,
NGGTF,True,success,
NGKIF,True,success,
NGKSF,True,success,
NGKSY,True,success,
NGSCF,True,success,
NHFOF,True,success,
NHKGF,True,success,
NHMAF,True,success,
NHMBF,True,success,
NHNKF,True,success,
NHOLF,True,success,
NHPCF,True,success,
NHYKF,True,success,
NIABY,True,success,
NICFF,True,success,
NIFCY,True,success,
NIJPF,True,success,
NINOF,True,success,
NIOIF,True,success,
NIPKF,True,success,
NIPNF,True,success,
NIPOF,True,success,
NISTF,True,success,
NISUF,True,success,
NISUY,True,success,
NKNSF,True,success,
NKOKF,True,success,
NMEHF,True,success,
NMRSF,True,success,
NMUCF,True,success,
NNCHF,True,success,
NNCHY,True,success,
NNFSF,True,success,
NNKEF,True,success,
NNRDF,True,success,
NOFCF,True,success,
NPCPF,True,success,
NPEGF,True,success,
NPEHF,True,success,
NPKYF,True,success,
NPKYY,True,success,
NPNGY,True,success,
NPNKF,True,success,
NPONF,True,success,
NPPEY,True,success,
NPPHY,True,success,
NPPNY,True,success,
NPPXF,True,success,
NPRKF,True,success,
NPRRF,True,success,
NPSKF,True,success,
NPSKY,True,success,
NPTLF,True,success,
NPTVF,True,success,
NPXYY,True,success,
NRSCF,True,success,
NSFMF,True,success,
NSHBY,True,success,
NSHKF,True,success,
NSKFF,True,success,
NSNHF,True,success,
NSOMF,True,success,
NSRGF,True,success,
NSUKF,True,success,
NTDOF,True,success,
NTTAF,True,success,
NTTBF,True,success,
NTULF,True,success,
NURAF,True,success,
NVSEF,True,success,
NWWCF,True,success,
NXAGF,True,success,
NYUKF,True,success,
OBIBF,True,success,
OBIIF,True,success,
OCLCF,True,success,
OCPNF,True,success,
ODERF,True,success,
ODMUF,True,success,
OJIPF,True,success,
OJIPY,True,success,
OKAMF,True,success,
OKCTF,True,success,
OKIEF,True,success,
OKIEY,True,success,
OKUMF,True,success,
OLCLF,True,success,
OMRNF,True,success,
OPHLF,True,success,
OPMXF,True,success,
OPPPF,True,success,
ORGJF,True,success,
ORKLF,True,success,
ORLNY,True,success,
ORXJF,True,success,
OSGCF,True,success,
OSGSF,True,success,
OSGSY,True,success,
OSOPF,True,success,
OSTTF,True,success,
OSUKF,True,success,
OTPBF,True,success,
OTPGF,True,success,
PAEKY,True,success,
PAKTY,True,success,
PBATF,True,success,
PBCRF,True,success,
PBIIF,True,success,
PBLOF,True,success,
PBNNF,True,success,
PCCYF,True,success,
PCHUY,True,success,
PETFF,True,success,
PGCMF,True,success,
PGCPF,True,success,
PGENY,True,success,
PHBBF,True,success,
PHCCF,True,success,
PHJMF,True,success,
PHPMF,True,success,
PIAIF,True,success,
PICJF,True,success,
PIFFY,True,success,
PIFMF,True,success,
PIGEF,True,success,
PINXF,True,success,
PINXY,True,success,
PITPF,True,success,
PITPY,True,success,
PKBAF,True,success,
PKCOF,True,success,
PKCOY,True,success,
PKCPY,True,success,
PMDKY,True,success,
PNDFF,True,success,
PNDZF,True,success,
PNOCF,True,success,
POGHF,True,success,
PORBF,True,success,
PPCCY,True,success,
PPERF,True,success,
PPKRF,True,success,
PPLFF,True,success,
PPOKF,True,success,
PRGLY,True,success,
PROSF,True,success,
PSBAF,True,success,
PSBKF,True,success,
PSKOF,True,success,
PSSMF,True,success,
PSTVY,True,success,
PTABF,True,success,
PTAIF,True,success,
PTGCF,True,success,
PTJSY,True,success,
PTKFF,True,success,
PTKFY,True,success,
PTPKF,True,success,
PTTMF,True,success,
PUODY,True,success,
PUTKF,True,success,
PUTRY,True,success,
PWZYF,True,success,
PYOIF,True,success,
PYYIF,True,success,
PZAKY,True,success,
QNDPF,True,success,
QUCOF,True,success,
RBLAF,True,success,
RBLAY,True,success,
RBSPF,True,success,
RCRRF,True,success,
REGMF,True,success,
RELOF,True,success,
RGEDF,True,success,
RGPCF,True,success,
RHHBF,True,success,
RICOF,True,success,
RICOY,True,success,
RINIF,True,success,
RKUNF,True,success,
RKUSF,True,success,
RLDCF,True,success,
RNDOF,True,success,
ROHCF,True,success,
RPHCF,True,success,
RSNHF,True,success,
RSTCF,True,success,
RTNTF,True,success,
RTPPF,True,success,
RYGYF,True,success,
RYKKF,True,success,
RZNXF,True,success,
SAGXF,True,success,
SALRF,True,success,
SANJF,True,success,
SAOGF,True,success,
SASOF,True,success,
SATLF,True,success,
SBCLY,True,success,
SBDHF,True,success,
SBHMY,True,success,
SBKFF,True,success,
SBKLF,True,success,
SBRKF,True,success,
SBYSF,True,success,
SCABY,True,success,
SCBFF,True,success,
SCTBF,True,success,
SCTBY,True,success,
SCVPY,True,success,
SCVUF,True,success,
SDGCF,True,success,
SEBNF,True,success,
SEIBF,True,success,
SEOTF,True,success,
SERNF,True,success,
SETUF,True,success,
SFGIF,True,success,
SFGRF,True,success,
SFOSF,True,success,
SFTTF,True,success,
SGAMF,True,success,
SGHDY,True,success,
SGHHF,True,success,
SGIOF,True,success,
SGIPF,True,success,
SGLOF,True,success,
SGSUF,True,success,
SHAOF,True,success,
SHCAF,True,success,
SHHGF,True,success,
SHHPF,True,success,
SHKLF,True,success,
SHMDF,True,success,
SHMUF,True,success,
SHMUY,True,success,
SHMWF,True,success,
SHMXY,True,success,
SHMZF,True,success,
SHPMY,True,success,
SHWDF,True,success,
SIELF,True,success,
SIELY,True,success,
SKCBY,True,success,
SKHSF,True,success,
SKKAF,True,success,
SKLYF,True,success,
SKPJF,True,success,
SKPJY,True,success,
SKSBF,True,success,
SKSDF,True,success,
SKSUF,True,success,
SKSUY,True,success,
SKUEF,True,success,
SKURF,True,success,
SKXJF,True,success,
SMAWF,True,success,
SMECF,True,success,
SMFNF,True,success,
SMFRF,True,success,
SMGBF,True,success,
SMNUF,True,success,
SMSSY,True,success,
SMSZF,True,success,
SMTUF,True,success,
SNAAF,True,success,
SNBIF,True,success,
SNCPF,True,success,
SNGNF,True,success,
SNKCF,True,success,
SNLAF,True,success,
SNLAY,True,success,
SNPHF,True,success,
SNPHY,True,success,
SNPMF,True,success,
SNPTF,True,success,
SNROF,True,success,
SNSNF,True,success,
SNTMF,True,success,
SNWAF,True,success,
SNYNF,True,success,
SOCNF,True,success,
SOHGF,True,success,
SOHGY,True,success,
SOHVF,True,success,
SOHVY,True,success,
SOMLF,True,success,
SOMMF,True,success,
SOMMY,True,success,
SOOBF,True,success,
SPHXF,True,success,
SQNNY,True,success,
SQNXF,True,success,
SREDY,True,success,
SRGBF,True,success,
SRGHY,True,success,
SSAAF,True,success,
SSAAY,True,success,
SSMXF,True,success,
SSNLF,True,success,
STAEF,True,success,
STAEY,True,success,
STBFF,True,success,
STMNF,True,success,
STOHF,True,success,
SUGBY,True,success,
SUHJF,True,success,
SURDF,True,success,
SVCBF,True,success,
SVKEF,True,success,
SVNBY,True,success,
SVNDF,True,success,
SVNLF,True,success,
SVTMF,True,success,
SWDBF,True,success,
SWGHF,True,success,
SWOBY,True,success,
SWPFF,True,success,
SWRAF,True,success,
SWRBY,True,success,
SZHFF,True,success,
SZHFY,True,success,
SZKMF,True,success,
SZUKF,True,success,
TAKMF,True,success,
TAPGF,True,success,
TAYIF,True,success,
TBABF,True,success,
TBABY,True,success,
TBNGY,True,success,
TBURF,True,success,
TBVPF,True,success,
TBVPY,True,success,
TCMEF,True,success,
TCNRF,True,success,
TCPFF,True,success,
TCTZF,True,success,
TDBOF,True,success,
TDBOY,True,success,
TDHOF,True,success,
TELNF,True,success,
TEPCF,True,success,
TEPCY,True,success,
TGOSF,True,success,
TGOSY,True,success,
TGVSF,True,success,
TGVSY,True,success,
THDDY,True,success,
THKLF,True,success,
THKLY,True,success,
THOGF,True,success,
THOPF,True,success,
THYCF,True,success,
THYCY,True,success,
TINLF,True,success,
TINLY,True,success,
TISCF,True,success,
TISCY,True,success,
TISNF,True,success,
TKCBF,True,success,
TKCBY,True,success,
TKCCF,True,success,
TKCOF,True,success,
TKECF,True,success,
TKFOY,True,success,
TKGBF,True,success,
TKGSF,True,success,
TKGSY,True,success,
TKHCF,True,success,
TKHIF,True,success,
TKINF,True,success,
TKKYY,True,success,
TKMTY,True,success,
TKOBF,True,success,
TKOMF,True,success,
TKPHF,True,success,
TKSHF,True,success,
TKSNF,True,success,
TKUGF,True,success,
TKUMF,True,success,
TKURF,True,success,
TLKMF,True,success,
TLSNF,True,success,
TMICF,True,success,
TMIUF,True,success,
TMRNF,True,success,
TMTMF,True,success,
TNABY,True,success,
TOAGF,True,success,
TODCF,True,success,
TOEAF,True,success,
TOETF,True,success,
TOIPF,True,success,
TOIPY,True,success,
TOKCF,True,success,
TOKSF,True,success,
TOKUY,True,success,
TOMYF,True,success,
TOMYY,True,success,
TONPF,True,success,
TOPPY,True,success,
TORLF,True,success,
TOSCF,True,success,
TOTTF,True,success,
TOWCF,True,success,
TQLCF,True,success,
TRPCF,True,success,
TRUMF,True,success,
TRYIF,True,success,
TSCFY,True,success,
TSGTF,True,success,
TSGTY,True,success,
TSHMF,True,success,
TSHTF,True,success,
TSHXY,True,success,
TSKMF,True,success,
TSMRF,True,success,
TSUKF,True,success,
TSUSF,True,success,
TTCAF,True,success,
TTRAF,True,success,
TVAHF,True,success,
TWAPF,True,success,
TYCMY,True,success,
TYHOF,True,success,
TYIDY,True,success,
TYOBY,True,success,
TYRRY,True,success,
UBEOF,True,success,
UHOIF,True,success,
ULVAF,True,success,
UNLRF,True,success,
UNLRY,True,success,
UNLYF,True,success,
USNNF,True,success,
USSJF,True,success,
UUICF,True,success,
UVRBF,True,success,
UVRBY,True,success,
VISIF,True,success,
VLVCY,True,success,
VLVOF,True,success,
VODAF,True,success,
VOLVF,True,success,
WACLF,True,success,
WACLY,True,success,
WACMF,True,success,
WACMY,True,success,
WARFF,True,success,
WARFY,True,success,
WBKCY,True,success,
WEBNF,True,success,
WEICF,True,success,
WFAFF,True,success,
WILLF,True,success,
WKISF,True,success,
WRFRF,True,success,
WUXIF,True,success,
XJNGF,True,success,
XNJJY,True,success,
XPNGF,True,success,
XZJCF,True,success,
YAGOY,True,success,
YAMHF,True,success,
YASKF,True,success,
YATRF,True,success,
YATRY,True,success,
YDWAF,True,success,
YGWAF,True,success,
YKLTF,True,success,
YLLWF,True,success,
YMATF,True,success,
YMTKF,True,success,
YMZBY,True,success,
YMZNF,True,success,
YNOYF,True,success,
YOKEF,True,success,
YOKEY,True,success,
YONXF,True,success,
YORUF,True,success,
YORUY,True,success,
YRCCF,True,success,
YSHLF,True,success,
YZOFF,True,success,
ZHAOF,True,success,
ZHUZY,True,success,
ZIJMF,True,success,
ZLIOF,True,success,
ZLIOY,True,success,
ZNKKY,True,success,
ZOJIF,True,success,
ZSHOF,True,success,
ZTCOF,True,success,
ZTOEF,True,success,
