ticker,status,first_date,last_date,row_count,attempt_count,last_error
A,success,2026-07-01,2026-08-05,25,1,
AA,success,2026-07-01,2026-08-05,25,1,
AAL,success,2026-07-01,2026-08-05,25,1,
AAMI,success,2026-07-01,2026-08-05,25,1,
AAOI,success,2026-07-01,2026-08-05,25,1,
AAON,success,2026-07-01,2026-08-05,25,1,
AAPL,success,2026-07-01,2026-08-05,25,1,
AAT,success,2026-07-01,2026-08-05,25,1,
AAUC,success,2026-07-01,2026-08-05,25,1,
ABBV,success,2026-07-01,2026-08-05,25,1,
ABCB,success,2026-07-01,2026-08-05,25,1,
ABCL,success,2026-07-01,2026-08-05,25,1,
ABG,success,2026-07-01,2026-08-05,25,1,
ABM,success,2026-07-01,2026-08-05,25,1,
ABNB,success,2026-07-01,2026-08-05,25,1,
ABT,success,2026-07-01,2026-08-05,25,1,
ACA,success,2026-07-01,2026-08-05,25,1,
ACAD,success,2026-07-01,2026-08-05,25,1,
ACGL,success,2026-07-01,2026-08-05,25,1,
ACHC,success,2026-07-01,2026-08-05,25,1,
ACHR,success,2026-07-01,2026-08-05,25,1,
ACI,success,2026-07-01,2026-08-05,25,1,
ACIW,success,2026-07-01,2026-08-05,25,1,
ACLS,success,2026-07-01,2026-08-05,25,1,
ACM,success,2026-07-01,2026-08-05,25,1,
ACMR,success,2026-07-01,2026-08-05,25,1,
ACN,success,2026-07-01,2026-08-05,25,1,
ACT,success,2026-07-01,2026-08-05,25,1,
AD,success,2026-07-01,2026-08-05,25,1,
ADBE,success,2026-07-01,2026-08-05,25,1,
ADC,success,2026-07-01,2026-08-05,25,1,
ADEA,success,2026-07-01,2026-08-05,25,1,
ADI,success,2026-07-01,2026-08-05,25,1,
ADM,success,2026-07-01,2026-08-05,25,1,
ADMA,success,2026-07-01,2026-08-05,25,1,
ADP,success,2026-07-01,2026-08-05,25,1,
ADPT,success,2026-07-01,2026-08-05,25,1,
ADSK,success,2026-07-01,2026-08-05,25,1,
ADT,success,2026-07-01,2026-08-05,25,1,
ADUS,success,2026-07-01,2026-08-05,25,1,
AEE,success,2026-07-01,2026-08-05,25,1,
AEHR,success,2026-07-01,2026-08-05,25,1,
AEIS,success,2026-07-01,2026-08-05,25,1,
AEM,success,2026-07-01,2026-08-05,25,1,
AEO,success,2026-07-01,2026-08-05,25,1,
AEP,success,2026-07-01,2026-08-05,25,1,
AER,success,2026-07-01,2026-08-05,25,1,
AES,success,2026-07-01,2026-08-05,25,1,
AFG,success,2026-07-01,2026-08-05,25,1,
AFL,success,2026-07-01,2026-08-05,25,1,
AFRM,success,2026-07-01,2026-08-05,25,1,
AG,success,2026-07-01,2026-08-05,25,1,
AGCO,success,2026-07-01,2026-08-05,25,1,
AGI,success,2026-07-01,2026-08-05,25,1,
AGIO,success,2026-07-01,2026-08-05,25,1,
AGL,success,2026-07-01,2026-08-05,25,1,
AGM,success,2026-07-01,2026-08-05,25,1,
AGM-A,success,2026-07-01,2026-08-05,25,1,
AGNC,success,2026-07-01,2026-08-05,25,1,
AGO,success,2026-07-01,2026-08-05,25,1,
AGX,success,2026-07-01,2026-08-05,25,1,
AGYS,success,2026-07-01,2026-08-05,25,1,
AHR,success,2026-07-01,2026-08-05,25,1,
AIG,success,2026-07-01,2026-08-05,25,1,
AIN,success,2026-07-01,2026-08-05,25,1,
AIR,success,2026-07-01,2026-08-05,25,1,
AIT,success,2026-07-01,2026-08-05,25,1,
AIZ,success,2026-07-01,2026-08-05,25,1,
AJG,success,2026-07-01,2026-08-05,25,1,
AKAM,success,2026-07-01,2026-08-05,25,1,
AKO-A,success,2026-07-01,2026-08-05,25,1,
AKO-B,success,2026-07-01,2026-08-05,25,1,
AKR,success,2026-07-01,2026-08-05,25,1,
ALAB,success,2026-07-01,2026-08-05,25,1,
ALB,success,2026-07-01,2026-08-05,25,1,
ALC,success,2026-07-01,2026-08-05,25,1,
ALG,success,2026-07-01,2026-08-05,25,1,
ALGM,success,2026-07-01,2026-08-05,25,1,
ALGN,success,2026-07-01,2026-08-05,25,1,
ALGT,success,2026-07-01,2026-08-05,25,1,
ALH,success,2026-07-01,2026-08-05,25,1,
ALHC,success,2026-07-01,2026-08-05,25,1,
ALK,success,2026-07-01,2026-08-05,25,1,
ALKS,success,2026-07-01,2026-08-05,25,1,
ALKT,success,2026-07-01,2026-08-05,25,1,
ALL,success,2026-07-01,2026-08-05,25,1,
ALLE,success,2026-07-01,2026-08-05,25,1,
ALLY,success,2026-07-01,2026-08-05,25,1,
ALM,success,2026-07-01,2026-08-05,25,1,
ALMR,success,2026-07-01,2026-08-05,25,1,
ALMS,success,2026-07-01,2026-08-05,25,1,
ALNY,success,2026-07-01,2026-08-05,25,1,
ALRM,success,2026-07-01,2026-08-05,25,1,
ALSN,success,2026-07-01,2026-08-05,25,1,
ALV,success,2026-07-01,2026-08-05,25,1,
AM,success,2026-07-01,2026-08-05,25,1,
AMAT,success,2026-07-01,2026-08-05,25,1,
AMBA,success,2026-07-01,2026-08-05,25,1,
AMBP,success,2026-07-01,2026-08-05,25,1,
AMC,success,2026-07-01,2026-08-05,25,1,
AMCR,success,2026-07-01,2026-08-05,25,1,
AMD,success,2026-07-01,2026-08-05,25,1,
AMG,success,2026-07-01,2026-08-05,25,1,
AMGN,success,2026-07-01,2026-08-05,25,1,
AMH,success,2026-07-01,2026-08-05,25,1,
AMKR,success,2026-07-01,2026-08-05,25,1,
AMLX,success,2026-07-01,2026-08-05,25,1,
AMP,success,2026-07-01,2026-08-05,25,1,
AMPX,success,2026-07-01,2026-08-05,25,1,
AMR,success,2026-07-01,2026-08-05,25,1,
AMRX,success,2026-07-01,2026-08-05,25,1,
AMRZ,success,2026-07-01,2026-08-05,25,1,
AMT,success,2026-07-01,2026-08-05,25,1,
AMTM,success,2026-07-01,2026-08-05,25,1,
AMZN,success,2026-07-01,2026-08-05,25,1,
AN,success,2026-07-01,2026-08-05,25,1,
ANDE,success,2026-07-01,2026-08-05,25,1,
ANET,success,2026-07-01,2026-08-05,25,1,
ANF,success,2026-07-01,2026-08-05,25,1,
ANIP,success,2026-07-01,2026-08-05,25,1,
AON,success,2026-07-01,2026-08-05,25,1,
AOS,success,2026-07-01,2026-08-05,25,1,
APA,success,2026-07-01,2026-08-05,25,1,
APAM,success,2026-07-01,2026-08-05,25,1,
APD,success,2026-07-01,2026-08-05,25,1,
APG,success,2026-07-01,2026-08-05,25,1,
APGE,success,2026-07-01,2026-08-05,25,1,
APH,success,2026-07-01,2026-08-05,25,1,
APLD,success,2026-07-01,2026-08-05,25,1,
APLE,success,2026-07-01,2026-08-05,25,1,
APO,success,2026-07-01,2026-08-05,25,1,
APP,success,2026-07-01,2026-08-05,25,1,
APPF,success,2026-07-01,2026-08-05,25,1,
APPN,success,2026-07-01,2026-08-05,25,1,
APTV,success,2026-07-01,2026-08-05,25,1,
AQN,success,2026-07-01,2026-08-05,25,1,
AR,success,2026-07-01,2026-08-05,25,1,
ARCB,success,2026-07-01,2026-08-05,25,1,
ARE,success,2026-07-01,2026-08-05,25,1,
ARES,success,2026-07-01,2026-08-05,25,1,
ARIS,success,2026-07-01,2026-08-05,25,1,
ARLO,success,2026-07-01,2026-08-05,25,1,
ARMK,success,2026-07-01,2026-08-05,25,1,
AROC,success,2026-07-01,2026-08-05,25,1,
ARQT,success,2026-07-01,2026-08-05,25,1,
ARR,success,2026-07-01,2026-08-05,25,1,
ARW,success,2026-07-01,2026-08-05,25,1,
ARWR,success,2026-07-01,2026-08-05,25,1,
ARX,success,2026-07-01,2026-08-05,25,1,
ARXS,success,2026-07-01,2026-08-05,25,1,
AS,success,2026-07-01,2026-08-05,25,1,
ASAN,success,2026-07-01,2026-08-05,25,1,
ASB,success,2026-07-01,2026-08-05,25,1,
ASH,success,2026-07-01,2026-08-05,25,1,
ASND,success,2026-07-01,2026-08-05,25,1,
ASO,success,2026-07-01,2026-08-05,25,1,
ASR,success,2026-07-01,2026-08-05,25,1,
ASTH,success,2026-07-01,2026-08-05,25,1,
ASTS,success,2026-07-01,2026-08-05,25,1,
ATAI,success,2026-07-01,2026-08-05,25,1,
ATEN,success,2026-07-01,2026-08-05,25,1,
ATEX,success,2026-07-01,2026-08-05,25,1,
ATI,success,2026-07-01,2026-08-05,25,1,
ATLC,success,2026-07-01,2026-08-05,25,1,
ATMU,success,2026-07-01,2026-08-05,25,1,
ATO,success,2026-07-01,2026-08-05,25,1,
ATR,success,2026-07-01,2026-08-05,25,1,
ATRC,success,2026-07-01,2026-08-05,25,1,
ATRO,success,2026-07-01,2026-08-05,25,1,
ATS,success,2026-07-01,2026-08-05,25,1,
AU,success,2026-07-01,2026-08-05,25,1,
AUB,success,2026-07-01,2026-08-05,25,1,
AUGO,success,2026-07-01,2026-08-05,25,1,
AUPH,success,2026-07-01,2026-08-05,25,1,
AUR,success,2026-07-01,2026-08-05,25,1,
AVAH,success,2026-07-01,2026-08-05,25,1,
AVAV,success,2026-07-01,2026-08-05,25,1,
AVB,success,2026-07-01,2026-08-05,25,1,
AVGO,success,2026-07-01,2026-08-05,25,1,
AVNT,success,2026-07-01,2026-08-05,25,1,
AVPT,success,2026-07-01,2026-08-05,25,1,
AVT,success,2026-07-01,2026-08-05,25,1,
AVTR,success,2026-07-01,2026-08-05,25,1,
AVY,success,2026-07-01,2026-08-05,25,1,
AWI,success,2026-07-01,2026-08-05,25,1,
AWK,success,2026-07-01,2026-08-05,25,1,
AWR,success,2026-07-01,2026-08-05,25,1,
AX,success,2026-07-01,2026-08-05,25,1,
AXGN,success,2026-07-01,2026-08-05,25,1,
AXON,success,2026-07-01,2026-08-05,25,1,
AXP,success,2026-07-01,2026-08-05,25,1,
AXS,success,2026-07-01,2026-08-05,25,1,
AXSM,success,2026-07-01,2026-08-05,25,1,
AXTA,success,2026-07-01,2026-08-05,25,1,
AXTI,success,2026-07-01,2026-08-05,25,1,
AYA,success,2026-07-01,2026-08-05,25,1,
AYI,success,2026-07-01,2026-08-05,25,1,
AZN,success,2026-07-01,2026-08-05,25,1,
AZO,success,2026-07-01,2026-08-05,25,1,
B,success,2026-07-01,2026-08-05,25,1,
BA,success,2026-07-01,2026-08-05,25,1,
BAC,success,2026-07-01,2026-08-05,25,1,
BAH,success,2026-07-01,2026-08-05,25,1,
BALL,success,2026-07-01,2026-08-05,25,1,
BAM,success,2026-07-01,2026-08-05,25,1,
BANC,success,2026-07-01,2026-08-05,25,1,
BANF,success,2026-07-01,2026-08-05,25,1,
BANR,success,2026-07-01,2026-08-05,25,1,
BAP,success,2026-07-01,2026-08-05,25,1,
BATRA,success,2026-07-01,2026-08-05,25,1,
BATRK,success,2026-07-01,2026-08-05,25,1,
BAX,success,2026-07-01,2026-08-05,25,1,
BB,success,2026-07-01,2026-08-05,25,1,
BBIO,success,2026-07-01,2026-08-05,25,1,
BBT,success,2026-07-01,2026-08-05,25,1,
BBUC,success,2026-07-01,2026-08-05,25,1,
BBVA,success,2026-07-01,2026-08-05,25,1,
BBY,success,2026-07-01,2026-08-05,25,1,
BC,success,2026-07-01,2026-08-05,25,1,
BCAX,success,2026-07-01,2026-08-05,25,1,
BCC,success,2026-07-01,2026-08-05,25,1,
BCE,success,2026-07-01,2026-08-05,25,1,
BCO,success,2026-07-01,2026-08-05,25,1,
BCPC,success,2026-07-01,2026-08-05,25,1,
BCRX,success,2026-07-01,2026-08-05,25,1,
BCS,success,2026-07-01,2026-08-05,25,1,
BDC,success,2026-07-01,2026-08-05,25,1,
BDX,success,2026-07-01,2026-08-05,25,1,
BE,success,2026-07-01,2026-08-05,25,1,
BEAM,success,2026-07-01,2026-08-05,25,1,
BELFA,success,2026-07-01,2026-08-05,25,1,
BELFB,success,2026-07-01,2026-08-05,25,1,
BEN,success,2026-07-01,2026-08-05,25,1,
BEPC,success,2026-07-01,2026-08-05,25,1,
BETA,success,2026-07-01,2026-08-05,25,1,
BF-A,success,2026-07-01,2026-08-05,25,1,
BF-B,success,2026-07-01,2026-08-05,25,1,
BFAM,success,2026-07-01,2026-08-05,25,1,
BFC,success,2026-07-01,2026-08-05,25,1,
BFH,success,2026-07-01,2026-08-05,25,1,
BFLY,success,2026-07-01,2026-08-05,25,1,
BG,success,2026-07-01,2026-08-05,25,1,
BGC,success,2026-07-01,2026-08-05,25,1,
BGSI,success,2026-07-01,2026-08-05,25,1,
BHC,success,2026-07-01,2026-08-05,25,1,
BHE,success,2026-07-01,2026-08-05,25,1,
BHF,success,2026-07-01,2026-08-05,25,1,
BHVN,success,2026-07-01,2026-08-05,25,1,
BIIB,success,2026-07-01,2026-08-05,25,1,
BILL,success,2026-07-01,2026-08-05,25,1,
BIO,success,2026-07-01,2026-08-05,25,1,
BIO-B,success,2026-07-01,2026-08-05,25,1,
BIRK,success,2026-07-01,2026-08-05,25,1,
BJ,success,2026-07-01,2026-08-05,25,1,
BKD,success,2026-07-01,2026-08-05,25,1,
BKE,success,2026-07-01,2026-08-05,25,1,
BKH,success,2026-07-01,2026-08-05,25,1,
BKNG,success,2026-07-01,2026-08-05,25,1,
BKR,success,2026-07-01,2026-08-05,25,1,
BKU,success,2026-07-01,2026-08-05,25,1,
BKV,success,2026-07-01,2026-08-05,25,1,
BL,success,2026-07-01,2026-08-05,25,1,
BLBD,success,2026-07-01,2026-08-05,25,1,
BLCO,success,2026-07-01,2026-08-05,25,1,
BLDR,success,2026-07-01,2026-08-05,25,1,
BLK,success,2026-07-01,2026-08-05,25,1,
BLKB,success,2026-07-01,2026-08-05,25,1,
BLLN,success,2026-07-01,2026-08-05,25,1,
BLSH,success,2026-07-01,2026-08-05,25,1,
BLX,success,2026-07-01,2026-08-05,25,1,
BMI,success,2026-07-01,2026-08-05,25,1,
BMNR,success,2026-07-01,2026-08-05,25,1,
BMO,success,2026-07-01,2026-08-05,25,1,
BMRN,success,2026-07-01,2026-08-05,25,1,
BMY,success,2026-07-01,2026-08-05,25,1,
BN,success,2026-07-01,2026-08-05,25,1,
BNL,success,2026-07-01,2026-08-05,25,1,
BNT,success,2026-07-01,2026-08-05,25,1,
BNY,success,2026-07-01,2026-08-05,25,1,
BOBS,success,2026-07-01,2026-08-05,25,1,
BOH,success,2026-07-01,2026-08-05,25,1,
BOKF,success,2026-07-01,2026-08-05,25,1,
BOOT,success,2026-07-01,2026-08-05,25,1,
BOX,success,2026-07-01,2026-08-05,25,1,
BP,success,2026-07-01,2026-08-05,25,1,
BPOP,success,2026-07-01,2026-08-05,25,1,
BR,success,2026-07-01,2026-08-05,25,1,
BRC,success,2026-07-01,2026-08-05,25,1,
BRK-A,success,2026-07-01,2026-08-05,25,1,
BRK-B,success,2026-07-01,2026-08-05,25,1,
BRKR,success,2026-07-01,2026-08-05,25,1,
BRO,success,2026-07-01,2026-08-05,25,1,
BROS,success,2026-07-01,2026-08-05,25,1,
BRSL,success,2026-07-01,2026-08-05,25,1,
BRX,success,2026-07-01,2026-08-05,25,1,
BRZE,success,2026-07-01,2026-08-05,25,1,
BSP,success,2026-07-01,2026-08-05,25,1,
BSX,success,2026-07-01,2026-08-05,25,1,
BSY,success,2026-07-01,2026-08-05,25,1,
BTDR,success,2026-07-01,2026-08-05,25,1,
BTE,success,2026-07-01,2026-08-05,25,1,
BTG,success,2026-07-01,2026-08-05,25,1,
BTSG,success,2026-07-01,2026-08-05,25,1,
BTU,success,2026-07-01,2026-08-05,25,1,
BULL,success,2026-07-01,2026-08-05,25,1,
BURL,success,2026-07-01,2026-08-05,25,1,
BUSE,success,2026-07-01,2026-08-05,25,1,
BWA,success,2026-07-01,2026-08-05,25,1,
BWIN,success,2026-07-01,2026-08-05,25,1,
BWLP,success,2026-07-01,2026-08-05,25,1,
BWXT,success,2026-07-01,2026-08-05,25,1,
BX,success,2026-07-01,2026-08-05,25,1,
BXMT,success,2026-07-01,2026-08-05,25,1,
BXP,success,2026-07-01,2026-08-05,25,1,
BY,success,2026-07-01,2026-08-05,25,1,
BYD,success,2026-07-01,2026-08-05,25,1,
C,success,2026-07-01,2026-08-05,25,1,
CAAP,success,2026-07-01,2026-08-05,25,1,
CACC,success,2026-07-01,2026-08-05,25,1,
CACI,success,2026-07-01,2026-08-05,25,1,
CAE,success,2026-07-01,2026-08-05,25,1,
CAG,success,2026-07-01,2026-08-05,25,1,
CAH,success,2026-07-01,2026-08-05,25,1,
CAI,success,2026-07-01,2026-08-05,25,1,
CAKE,success,2026-07-01,2026-08-05,25,1,
CALM,success,2026-07-01,2026-08-05,25,1,
CALX,success,2026-07-01,2026-08-05,25,1,
CALY,success,2026-07-01,2026-08-05,25,1,
CAMT,success,2026-07-01,2026-08-05,25,1,
CAR,success,2026-07-01,2026-08-05,25,1,
CARG,success,2026-07-01,2026-08-05,25,1,
CARR,success,2026-07-01,2026-08-05,25,1,
CART,success,2026-07-01,2026-08-05,25,1,
CASH,success,2026-07-01,2026-08-05,25,1,
CASY,success,2026-07-01,2026-08-05,25,1,
CAT,success,2026-07-01,2026-08-05,25,1,
CATY,success,2026-07-01,2026-08-05,25,1,
CAVA,success,2026-07-01,2026-08-05,25,1,
CB,success,2026-07-01,2026-08-05,25,1,
CBC,success,2026-07-01,2026-08-05,25,1,
CBL,success,2026-07-01,2026-08-05,25,1,
CBRE,success,2026-07-01,2026-08-05,25,1,
CBRS,success,2026-07-01,2026-08-05,25,1,
CBSH,success,2026-07-01,2026-08-05,25,1,
CBT,success,2026-07-01,2026-08-05,25,1,
CBU,success,2026-07-01,2026-08-05,25,1,
CBZ,success,2026-07-01,2026-08-05,25,1,
CC,success,2026-07-01,2026-08-05,25,1,
CCC,success,2026-07-01,2026-08-05,25,1,
CCEP,success,2026-07-01,2026-08-05,25,1,
CCI,success,2026-07-01,2026-08-05,25,1,
CCJ,success,2026-07-01,2026-08-05,25,1,
CCL,success,2026-07-01,2026-08-05,25,1,
CCS,success,2026-07-01,2026-08-05,25,1,
CCU,success,2026-07-01,2026-08-05,25,1,
CDE,success,2026-07-01,2026-08-05,25,1,
CDNA,success,2026-07-01,2026-08-05,25,1,
CDNS,success,2026-07-01,2026-08-05,25,1,
CDP,success,2026-07-01,2026-08-05,25,1,
CDW,success,2026-07-01,2026-08-05,25,1,
CE,success,2026-07-01,2026-08-05,25,1,
CECO,success,2026-07-01,2026-08-05,25,1,
CEG,success,2026-07-01,2026-08-05,25,1,
CELC,success,2026-07-01,2026-08-05,25,1,
CELH,success,2026-07-01,2026-08-05,25,1,
CENT,success,2026-07-01,2026-08-05,25,1,
CENTA,success,2026-07-01,2026-08-05,25,1,
CENX,success,2026-07-01,2026-08-05,25,1,
CF,success,2026-07-01,2026-08-05,25,1,
CFG,success,2026-07-01,2026-08-05,25,1,
CFR,success,2026-07-01,2026-08-05,25,1,
CG,success,2026-07-01,2026-08-05,25,1,
CGAU,success,2026-07-01,2026-08-05,25,1,
CGNX,success,2026-07-01,2026-08-05,25,1,
CGON,success,2026-07-01,2026-08-05,25,1,
CHCO,success,2026-07-01,2026-08-05,25,1,
CHD,success,2026-07-01,2026-08-05,25,1,
CHDN,success,2026-07-01,2026-08-05,25,1,
CHEF,success,2026-07-01,2026-08-05,25,1,
CHH,success,2026-07-01,2026-08-05,25,1,
CHKP,success,2026-07-01,2026-08-05,25,1,
CHRD,success,2026-07-01,2026-08-05,25,1,
CHRW,success,2026-07-01,2026-08-05,25,1,
CHTR,success,2026-07-01,2026-08-05,25,1,
CHWY,success,2026-07-01,2026-08-05,25,1,
CHYM,success,2026-07-01,2026-08-05,25,1,
CI,success,2026-07-01,2026-08-05,25,1,
CIEN,success,2026-07-01,2026-08-05,25,1,
CIFR,success,2026-07-01,2026-08-05,25,1,
CIGI,success,2026-07-01,2026-08-05,25,1,
CINF,success,2026-07-01,2026-08-05,25,1,
CL,success,2026-07-01,2026-08-05,25,1,
CLBT,success,2026-07-01,2026-08-05,25,1,
CLDX,success,2026-07-01,2026-08-05,25,1,
CLF,success,2026-07-01,2026-08-05,25,1,
CLH,success,2026-07-01,2026-08-05,25,1,
CLMT,success,2026-07-01,2026-08-05,25,1,
CLOV,success,2026-07-01,2026-08-05,25,1,
CLS,success,2026-07-01,2026-08-05,25,1,
CLSK,success,2026-07-01,2026-08-05,25,1,
CLX,success,2026-07-01,2026-08-05,25,1,
CMBT,success,2026-07-01,2026-08-05,25,1,
CMC,success,2026-07-01,2026-08-05,25,1,
CMCSA,success,2026-07-01,2026-08-05,25,1,
CME,success,2026-07-01,2026-08-05,25,1,
CMG,success,2026-07-01,2026-08-05,25,1,
CMI,success,2026-07-01,2026-08-05,25,1,
CMPR,success,2026-07-01,2026-08-05,25,1,
CMRE,success,2026-07-01,2026-08-05,25,1,
CMS,success,2026-07-01,2026-08-05,25,1,
CNC,success,2026-07-01,2026-08-05,25,1,
CNI,success,2026-07-01,2026-08-05,25,1,
CNK,success,2026-07-01,2026-08-05,25,1,
CNM,success,2026-07-01,2026-08-05,25,1,
CNO,success,2026-07-01,2026-08-05,25,1,
CNOB,success,2026-07-01,2026-08-05,25,1,
CNP,success,2026-07-01,2026-08-05,25,1,
CNQ,success,2026-07-01,2026-08-05,25,1,
CNR,success,2026-07-01,2026-08-05,25,1,
CNS,success,2026-07-01,2026-08-05,25,1,
CNX,success,2026-07-01,2026-08-05,25,1,
CNXN,success,2026-07-01,2026-08-05,25,1,
COAG,success,2026-07-01,2026-08-05,25,1,
COCO,success,2026-07-01,2026-08-05,25,1,
COF,success,2026-07-01,2026-08-05,25,1,
COGT,success,2026-07-01,2026-08-05,25,1,
COHR,success,2026-07-01,2026-08-05,25,1,
COHU,success,2026-07-01,2026-08-05,25,1,
COIN,success,2026-07-01,2026-08-05,25,1,
COKE,success,2026-07-01,2026-08-05,25,1,
COLB,success,2026-07-01,2026-08-05,25,1,
COLD,success,2026-07-01,2026-08-05,25,1,
COLM,success,2026-07-01,2026-08-05,25,1,
COMP,success,2026-07-01,2026-08-05,25,1,
CON,success,2026-07-01,2026-08-05,25,1,
COO,success,2026-07-01,2026-08-05,25,1,
COP,success,2026-07-01,2026-08-05,25,1,
COR,success,2026-07-01,2026-08-05,25,1,
CORT,success,2026-07-01,2026-08-05,25,1,
CORZ,success,2026-07-01,2026-08-05,25,1,
COST,success,2026-07-01,2026-08-05,25,1,
COTY,success,2026-07-01,2026-08-05,25,1,
COUR,success,2026-07-01,2026-08-05,25,1,
CP,success,2026-07-01,2026-08-05,25,1,
CPA,success,2026-07-01,2026-08-05,25,1,
CPAY,success,2026-07-01,2026-08-05,25,1,
CPB,success,2026-07-01,2026-08-05,25,1,
CPK,success,2026-07-01,2026-08-05,25,1,
CPNG,success,2026-07-01,2026-08-05,25,1,
CPRI,success,2026-07-01,2026-08-05,25,1,
CPRT,success,2026-07-01,2026-08-05,25,1,
CPT,success,2026-07-01,2026-08-05,25,1,
CR,success,2026-07-01,2026-08-05,25,1,
CRBG,success,2026-07-01,2026-08-05,25,1,
CRC,success,2026-07-01,2026-08-05,25,1,
CRCL,success,2026-07-01,2026-08-05,25,1,
CRDO,success,2026-07-01,2026-08-05,25,1,
CRGY,success,2026-07-01,2026-08-05,25,1,
CRH,success,2026-07-01,2026-08-05,25,1,
CRK,success,2026-07-01,2026-08-05,25,1,
CRL,success,2026-07-01,2026-08-05,25,1,
CRM,success,2026-07-01,2026-08-05,25,1,
CRNX,success,2026-07-01,2026-08-05,25,1,
CROX,success,2026-07-01,2026-08-05,25,1,
CRS,success,2026-07-01,2026-08-05,25,1,
CRSP,success,2026-07-01,2026-08-05,25,1,
CRUS,success,2026-07-01,2026-08-05,25,1,
CRVL,success,2026-07-01,2026-08-05,25,1,
CRWD,success,2026-07-01,2026-08-05,25,1,
CRWV,success,2026-07-01,2026-08-05,25,1,
CSCO,success,2026-07-01,2026-08-05,25,1,
CSGP,success,2026-07-01,2026-08-05,25,1,
CSL,success,2026-07-01,2026-08-05,25,1,
CSQR,success,2026-07-16,2026-08-05,15,1,
CSTM,success,2026-07-01,2026-08-05,25,1,
CSW,success,2026-07-01,2026-08-05,25,1,
CSX,success,2026-07-01,2026-08-05,25,1,
CTAS,success,2026-07-01,2026-08-05,25,1,
CTOS,success,2026-07-01,2026-08-05,25,1,
CTRE,success,2026-07-01,2026-08-05,25,1,
CTRI,success,2026-07-01,2026-08-05,25,1,
CTS,success,2026-07-01,2026-08-05,25,1,
CTSH,success,2026-07-01,2026-08-05,25,1,
CTVA,success,2026-07-01,2026-08-05,25,1,
CUBE,success,2026-07-01,2026-08-05,25,1,
CUBI,success,2026-07-01,2026-08-05,25,1,
CURB,success,2026-07-01,2026-08-05,25,1,
CUZ,success,2026-07-01,2026-08-05,25,1,
CVBF,success,2026-07-01,2026-08-05,25,1,
CVCO,success,2026-07-01,2026-08-05,25,1,
CVE,success,2026-07-01,2026-08-05,25,1,
CVI,success,2026-07-01,2026-08-05,25,1,
CVLT,success,2026-07-01,2026-08-05,25,1,
CVNA,success,2026-07-01,2026-08-05,25,1,
CVS,success,2026-07-01,2026-08-05,25,1,
CVSA,success,2026-07-01,2026-08-05,25,1,
CVX,success,2026-07-01,2026-08-05,25,1,
CW,success,2026-07-01,2026-08-05,25,1,
CWEN,success,2026-07-01,2026-08-05,25,1,
CWK,success,2026-07-01,2026-08-05,25,1,
CWST,success,2026-07-01,2026-08-05,25,1,
CWT,success,2026-07-01,2026-08-05,25,1,
CXT,success,2026-07-01,2026-08-05,25,1,
CXW,success,2026-07-01,2026-08-05,25,1,
CYD,success,2026-07-01,2026-08-05,25,1,
CYTK,success,2026-07-01,2026-08-05,25,1,
CZR,success,2026-07-01,2026-08-05,25,1,
D,success,2026-07-01,2026-08-05,25,1,
DAC,success,2026-07-01,2026-08-05,25,1,
DAL,success,2026-07-01,2026-08-05,25,1,
DAN,success,2026-07-01,2026-08-05,25,1,
DAR,success,2026-07-01,2026-08-05,25,1,
DASH,success,2026-07-01,2026-08-05,25,1,
DAVE,success,2026-07-01,2026-08-05,25,1,
DB,success,2026-07-01,2026-08-05,25,1,
DBD,success,2026-07-01,2026-08-05,25,1,
DBX,success,2026-07-01,2026-08-05,25,1,
DCI,success,2026-07-01,2026-08-05,25,1,
DCO,success,2026-07-01,2026-08-05,25,1,
DCOM,success,2026-07-01,2026-08-05,25,1,
DD,success,2026-07-01,2026-08-05,25,1,
DDOG,success,2026-07-01,2026-08-05,25,1,
DDS,success,2026-07-01,2026-08-05,25,1,
DE,success,2026-07-01,2026-08-05,25,1,
DECK,success,2026-07-01,2026-08-05,25,1,
DEI,success,2026-07-01,2026-08-05,25,1,
DELL,success,2026-07-01,2026-08-05,25,1,
DEO,success,2026-07-01,2026-08-05,25,1,
DFTX,success,2026-07-01,2026-08-05,25,1,
DG,success,2026-07-01,2026-08-05,25,1,
DGII,success,2026-07-01,2026-08-05,25,1,
DGX,success,2026-07-01,2026-08-05,25,1,
DHC,success,2026-07-01,2026-08-05,25,1,
DHI,success,2026-07-01,2026-08-05,25,1,
DHR,success,2026-07-01,2026-08-05,25,1,
DINO,success,2026-07-01,2026-08-05,25,1,
DIOD,success,2026-07-01,2026-08-05,25,1,
DIS,success,2026-07-01,2026-08-05,25,1,
DJT,success,2026-07-01,2026-08-05,25,1,
DK,success,2026-07-01,2026-08-05,25,1,
DKNG,success,2026-07-01,2026-08-05,25,1,
DKS,success,2026-07-01,2026-08-05,25,1,
DLB,success,2026-07-01,2026-08-05,25,1,
DLO,success,2026-07-01,2026-08-05,25,1,
DLR,success,2026-07-01,2026-08-05,25,1,
DLTR,success,2026-07-01,2026-08-05,25,1,
DMRA,success,2026-07-01,2026-08-05,25,1,
DNLI,success,2026-07-01,2026-08-05,25,1,
DNN,success,2026-07-01,2026-08-05,25,1,
DNOW,success,2026-07-01,2026-08-05,25,1,
DNTH,success,2026-07-01,2026-08-05,25,1,
DOC,success,2026-07-01,2026-08-05,25,1,
DOCN,success,2026-07-01,2026-08-05,25,1,
DOCS,success,2026-07-01,2026-08-05,25,1,
DOCU,success,2026-07-01,2026-08-05,25,1,
DOO,success,2026-07-01,2026-08-05,25,1,
DORM,success,2026-07-01,2026-08-05,25,1,
DOV,success,2026-07-01,2026-08-05,25,1,
DOW,success,2026-07-01,2026-08-05,25,1,
DOX,success,2026-07-01,2026-08-05,25,1,
DPC,success,2026-07-01,2026-08-05,25,1,
DPZ,success,2026-07-01,2026-08-05,25,1,
DRH,success,2026-07-01,2026-08-05,25,1,
DRI,success,2026-07-01,2026-08-05,25,1,
DRS,success,2026-07-01,2026-08-05,25,1,
DRVN,success,2026-07-01,2026-08-05,25,1,
DSGX,success,2026-07-01,2026-08-05,25,1,
DT,success,2026-07-01,2026-08-05,25,1,
DTE,success,2026-07-01,2026-08-05,25,1,
DTM,success,2026-07-01,2026-08-05,25,1,
DUK,success,2026-07-01,2026-08-05,25,1,
DUOL,success,2026-07-01,2026-08-05,25,1,
DV,success,2026-07-01,2026-08-05,25,1,
DVA,success,2026-07-01,2026-08-05,25,1,
DVN,success,2026-07-01,2026-08-05,25,1,
DX,success,2026-07-01,2026-08-05,25,1,
DXC,success,2026-07-01,2026-08-05,25,1,
DXCM,success,2026-07-01,2026-08-05,25,1,
DXPE,success,2026-07-01,2026-08-05,25,1,
DY,success,2026-07-01,2026-08-05,25,1,
DYN,success,2026-07-01,2026-08-05,25,1,
E,success,2026-07-01,2026-08-05,25,1,
EAT,success,2026-07-01,2026-08-05,25,1,
EBAY,success,2026-07-01,2026-08-05,25,1,
EBC,success,2026-07-01,2026-08-05,25,1,
ECG,success,2026-07-01,2026-08-05,25,1,
ECL,success,2026-07-01,2026-08-05,25,1,
ECO,success,2026-07-01,2026-08-05,25,1,
ECPG,success,2026-07-01,2026-08-05,25,1,
ED,success,2026-07-01,2026-08-05,25,1,
EEFT,success,2026-07-01,2026-08-05,25,1,
EFC,success,2026-07-01,2026-08-05,25,1,
EFSC,success,2026-07-01,2026-08-05,25,1,
EFX,success,2026-07-01,2026-08-05,25,1,
EFXT,success,2026-07-01,2026-08-05,25,1,
EG,success,2026-07-01,2026-08-05,25,1,
EGO,success,2026-07-01,2026-08-05,25,1,
EGP,success,2026-07-01,2026-08-05,25,1,
EHC,success,2026-07-01,2026-08-05,25,1,
EIX,success,2026-07-01,2026-08-05,25,1,
EL,success,2026-07-01,2026-08-05,25,1,
ELAN,success,2026-07-01,2026-08-05,25,1,
ELF,success,2026-07-01,2026-08-05,25,1,
ELS,success,2026-07-01,2026-08-05,25,1,
ELV,success,2026-07-01,2026-08-05,25,1,
ELVN,success,2026-07-01,2026-08-05,25,1,
EMA,success,2026-07-01,2026-08-05,25,1,
EMAT,success,2026-07-01,2026-08-05,25,1,
EMBJ,success,2026-07-01,2026-08-05,25,1,
EME,success,2026-07-01,2026-08-05,25,1,
EMN,success,2026-07-01,2026-08-05,25,1,
EMR,success,2026-07-01,2026-08-05,25,1,
ENB,success,2026-07-01,2026-08-05,25,1,
ENLT,success,2026-07-01,2026-08-05,25,1,
ENOV,success,2026-07-01,2026-08-05,25,1,
ENPH,success,2026-07-01,2026-08-05,25,1,
ENS,success,2026-07-01,2026-08-05,25,1,
ENSG,success,2026-07-01,2026-08-05,25,1,
ENTG,success,2026-07-01,2026-08-05,25,1,
ENVA,success,2026-07-01,2026-08-05,25,1,
EOG,success,2026-07-01,2026-08-05,25,1,
EPAC,success,2026-07-01,2026-08-05,25,1,
EPAM,success,2026-07-01,2026-08-05,25,1,
EPD,success,2026-07-01,2026-08-05,25,1,
EPR,success,2026-07-01,2026-08-05,25,1,
EPRT,success,2026-07-01,2026-08-05,25,1,
EQH,success,2026-07-01,2026-08-05,25,1,
EQIX,success,2026-07-01,2026-08-05,25,1,
EQPT,success,2026-07-01,2026-08-05,25,1,
EQR,success,2026-07-01,2026-08-05,25,1,
EQT,success,2026-07-01,2026-08-05,25,1,
EQX,success,2026-07-01,2026-08-05,25,1,
ERAS,success,2026-07-01,2026-08-05,25,1,
ERIE,success,2026-07-01,2026-08-05,25,1,
ERO,success,2026-07-01,2026-08-05,25,1,
ES,success,2026-07-01,2026-08-05,25,1,
ESAB,success,2026-07-01,2026-08-05,25,1,
ESE,success,2026-07-01,2026-08-05,25,1,
ESI,success,2026-07-01,2026-08-05,25,1,
ESLT,success,2026-07-01,2026-08-05,25,1,
ESNT,success,2026-07-01,2026-08-05,25,1,
ESS,success,2026-07-01,2026-08-05,25,1,
ESTA,success,2026-07-01,2026-08-05,25,1,
ESTC,success,2026-07-01,2026-08-05,25,1,
ETN,success,2026-07-01,2026-08-05,25,1,
ETOR,success,2026-07-01,2026-08-05,25,1,
ETR,success,2026-07-01,2026-08-05,25,1,
ETSY,success,2026-07-01,2026-08-05,25,1,
EVCM,success,2026-07-01,2026-08-05,25,1,
EVR,success,2026-07-01,2026-08-05,25,1,
EVRG,success,2026-07-01,2026-08-05,25,1,
EVTC,success,2026-07-01,2026-08-05,25,1,
EW,success,2026-07-01,2026-08-05,25,1,
EWBC,success,2026-07-01,2026-08-05,25,1,
EWTX,success,2026-07-01,2026-08-05,25,1,
EXC,success,2026-07-01,2026-08-05,25,1,
EXE,success,2026-07-01,2026-08-05,25,1,
EXEL,success,2026-07-01,2026-08-05,25,1,
EXK,success,2026-07-01,2026-08-05,25,1,
EXLS,success,2026-07-01,2026-08-05,25,1,
EXP,success,2026-07-01,2026-08-05,25,1,
EXPD,success,2026-07-01,2026-08-05,25,1,
EXPE,success,2026-07-01,2026-08-05,25,1,
EXPO,success,2026-07-01,2026-08-05,25,1,
EXR,success,2026-07-01,2026-08-05,25,1,
EXTR,success,2026-07-01,2026-08-05,25,1,
EYE,success,2026-07-01,2026-08-05,25,1,
EZPW,success,2026-07-01,2026-08-05,25,1,
F,success,2026-07-01,2026-08-05,25,1,
FA,success,2026-07-01,2026-08-05,25,1,
FAF,success,2026-07-01,2026-08-05,25,1,
FANG,success,2026-07-01,2026-08-05,25,1,
FAST,success,2026-07-01,2026-08-05,25,1,
FBIN,success,2026-07-01,2026-08-05,25,1,
FBK,success,2026-07-01,2026-08-05,25,1,
FBNC,success,2026-07-01,2026-08-05,25,1,
FBP,success,2026-07-01,2026-08-05,25,1,
FCEL,success,2026-07-01,2026-08-05,25,1,
FCF,success,2026-07-01,2026-08-05,25,1,
FCFS,success,2026-07-01,2026-08-05,25,1,
FCN,success,2026-07-01,2026-08-05,25,1,
FCNCA,success,2026-07-01,2026-08-05,25,1,
FCPT,success,2026-07-01,2026-08-05,25,1,
FCX,success,2026-07-01,2026-08-05,25,1,
FDS,success,2026-07-01,2026-08-05,25,1,
FDX,success,2026-07-01,2026-08-05,25,1,
FDXF,success,2026-07-01,2026-08-05,25,1,
FE,success,2026-07-01,2026-08-05,25,1,
FELE,success,2026-07-01,2026-08-05,25,1,
FER,success,2026-07-01,2026-08-05,25,1,
FERG,success,2026-07-01,2026-08-05,25,1,
FFBC,success,2026-07-01,2026-08-05,25,1,
FFIN,success,2026-07-01,2026-08-05,25,1,
FFIV,success,2026-07-01,2026-08-05,25,1,
FG,success,2026-07-01,2026-08-05,25,1,
FHB,success,2026-07-01,2026-08-05,25,1,
FHI,success,2026-07-01,2026-08-05,25,1,
FHN,success,2026-07-01,2026-08-05,25,1,
FIBK,success,2026-07-01,2026-08-05,25,1,
FICO,success,2026-07-01,2026-08-05,25,1,
FIG,success,2026-07-01,2026-08-05,25,1,
FIGR,success,2026-07-01,2026-08-05,25,1,
FIGS,success,2026-07-01,2026-08-05,25,1,
FIS,success,2026-07-01,2026-08-05,25,1,
FITB,success,2026-07-01,2026-08-05,25,1,
FIVE,success,2026-07-01,2026-08-05,25,1,
FIVN,success,2026-07-01,2026-08-05,25,1,
FIX,success,2026-07-01,2026-08-05,25,1,
FIZZ,success,2026-07-01,2026-08-05,25,1,
FLEX,success,2026-07-01,2026-08-05,25,1,
FLG,success,2026-07-01,2026-08-05,25,1,
FLNC,success,2026-07-01,2026-08-05,25,1,
FLR,success,2026-07-01,2026-08-05,25,1,
FLS,success,2026-07-01,2026-08-05,25,1,
FLUT,success,2026-07-01,2026-08-05,25,1,
FLY,success,2026-07-01,2026-08-05,25,1,
FLYW,success,2026-07-01,2026-08-05,25,1,
FMX,success,2026-07-01,2026-08-05,25,1,
FN,success,2026-07-01,2026-08-05,25,1,
FNB,success,2026-07-01,2026-08-05,25,1,
FND,success,2026-07-01,2026-08-05,25,1,
FNF,success,2026-07-01,2026-08-05,25,1,
FORM,success,2026-07-01,2026-08-05,25,1,
FOUR,success,2026-07-01,2026-08-05,25,1,
FOX,success,2026-07-01,2026-08-05,25,1,
FOXA,success,2026-07-01,2026-08-05,25,1,
FPS,success,2026-07-01,2026-08-05,25,1,
FR,success,2026-07-01,2026-08-05,25,1,
FRHC,success,2026-07-01,2026-08-05,25,1,
FRME,success,2026-07-01,2026-08-05,25,1,
FRMI,success,2026-07-01,2026-08-05,25,1,
FRO,success,2026-07-01,2026-08-05,25,1,
FROG,success,2026-07-01,2026-08-05,25,1,
FRPT,success,2026-07-01,2026-08-05,25,1,
FRSH,success,2026-07-01,2026-08-05,25,1,
FRT,success,2026-07-01,2026-08-05,25,1,
FRVO,success,2026-07-01,2026-08-05,25,1,
FSK,success,2026-07-01,2026-08-05,25,1,
FSLR,success,2026-07-01,2026-08-05,25,1,
FSLY,success,2026-07-01,2026-08-05,25,1,
FSM,success,2026-07-01,2026-08-05,25,1,
FSS,success,2026-07-01,2026-08-05,25,1,
FSUN,success,2026-07-01,2026-08-05,25,1,
FSV,success,2026-07-01,2026-08-05,25,1,
FTAI,success,2026-07-01,2026-08-05,25,1,
FTDR,success,2026-07-01,2026-08-05,25,1,
FTI,success,2026-07-01,2026-08-05,25,1,
FTNT,success,2026-07-01,2026-08-05,25,1,
FTRE,success,2026-07-01,2026-08-05,25,1,
FTS,success,2026-07-01,2026-08-05,25,1,
FTV,success,2026-07-01,2026-08-05,25,1,
FUL,success,2026-07-01,2026-08-05,25,1,
FULT,success,2026-07-01,2026-08-05,25,1,
FUN,success,2026-07-01,2026-08-05,25,1,
FWONA,success,2026-07-01,2026-08-05,25,1,
FWONK,success,2026-07-01,2026-08-05,25,1,
G,success,2026-07-01,2026-08-05,25,1,
GAB,success,2026-07-01,2026-08-05,25,1,
GABC,success,2026-07-01,2026-08-05,25,1,
GAP,success,2026-07-01,2026-08-05,25,1,
GATX,success,2026-07-01,2026-08-05,25,1,
GBCI,success,2026-07-01,2026-08-05,25,1,
GBTG,success,2026-07-01,2026-08-05,25,1,
GCT,success,2026-07-01,2026-08-05,25,1,
GD,success,2026-07-01,2026-08-05,25,1,
GDDY,success,2026-07-01,2026-08-05,25,1,
GDV,success,2026-07-01,2026-08-05,25,1,
GE,success,2026-07-01,2026-08-05,25,1,
GEF,success,2026-07-01,2026-08-05,25,1,
GEF-B,success,2026-07-01,2026-08-05,25,1,
GEHC,success,2026-07-01,2026-08-05,25,1,
GEN,success,2026-07-01,2026-08-05,25,1,
GENB,success,2026-07-01,2026-08-05,25,1,
GENI,success,2026-07-01,2026-08-05,25,1,
GEO,success,2026-07-01,2026-08-05,25,1,
GEV,success,2026-07-01,2026-08-05,25,1,
GFF,success,2026-07-01,2026-08-05,25,1,
GFL,success,2026-07-01,2026-08-05,25,1,
GFS,success,2026-07-01,2026-08-05,25,1,
GGB,success,2026-07-01,2026-08-05,25,1,
GGG,success,2026-07-01,2026-08-05,25,1,
GH,success,2026-07-01,2026-08-05,25,1,
GHC,success,2026-07-01,2026-08-05,25,1,
GHRS,success,2026-07-01,2026-08-05,25,1,
GIB,success,2026-07-01,2026-08-05,25,1,
GIL,success,2026-07-01,2026-08-05,25,1,
GILD,success,2026-07-01,2026-08-05,25,1,
GIS,success,2026-07-01,2026-08-05,25,1,
GKOS,success,2026-07-01,2026-08-05,25,1,
GL,success,2026-07-01,2026-08-05,25,1,
GLBE,success,2026-07-01,2026-08-05,25,1,
GLNG,success,2026-07-01,2026-08-05,25,1,
GLPI,success,2026-07-01,2026-08-05,25,1,
GLW,success,2026-07-01,2026-08-05,25,1,
GLXY,success,2026-07-01,2026-08-05,25,1,
GM,success,2026-07-01,2026-08-05,25,1,
GME,success,2026-07-01,2026-08-05,25,1,
GMED,success,2026-07-01,2026-08-05,25,1,
GNL,success,2026-07-01,2026-08-05,25,1,
GNRC,success,2026-07-01,2026-08-05,25,1,
GNTX,success,2026-07-01,2026-08-05,25,1,
GNW,success,2026-07-01,2026-08-05,25,1,
GOLF,success,2026-07-01,2026-08-05,25,1,
GOOG,success,2026-07-01,2026-08-05,25,1,
GOOGL,success,2026-07-01,2026-08-05,25,1,
GPC,success,2026-07-01,2026-08-05,25,1,
GPGI,success,2026-07-01,2026-08-05,25,1,
GPI,success,2026-07-01,2026-08-05,25,1,
GPN,success,2026-07-01,2026-08-05,25,1,
GPOR,success,2026-07-01,2026-08-05,25,1,
GRAB,success,2026-07-01,2026-08-05,25,1,
GRAL,success,2026-07-01,2026-08-05,25,1,
GRBK,success,2026-07-01,2026-08-05,25,1,
GRC,success,2026-07-01,2026-08-05,25,1,
GRDN,success,2026-07-01,2026-08-05,25,1,
GRMN,success,2026-07-01,2026-08-05,25,1,
GRND,success,2026-07-01,2026-08-05,25,1,
GS,success,2026-07-01,2026-08-05,25,1,
GSAT,success,2026-07-01,2026-08-05,25,1,
GSHD,success,2026-07-01,2026-08-05,25,1,
GT,success,2026-07-01,2026-08-05,25,1,
GTES,success,2026-07-01,2026-08-05,25,1,
GTLB,success,2026-07-01,2026-08-05,25,1,
GTX,success,2026-07-01,2026-08-05,25,1,
GTY,success,2026-07-01,2026-08-05,25,1,
GVA,success,2026-07-01,2026-08-05,25,1,
GWRE,success,2026-07-01,2026-08-05,25,1,
GWW,success,2026-07-01,2026-08-05,25,1,
GXO,success,2026-07-01,2026-08-05,25,1,
H,success,2026-07-01,2026-08-05,25,1,
HAE,success,2026-07-01,2026-08-05,25,1,
HAFN,success,2026-07-01,2026-08-05,25,1,
HAL,success,2026-07-01,2026-08-05,25,1,
HALO,success,2026-07-01,2026-08-05,25,1,
HAPN,success,2026-07-01,2026-08-05,25,1,
HAS,success,2026-07-01,2026-08-05,25,1,
HASI,success,2026-07-01,2026-08-05,25,1,
HAWK,success,2026-07-01,2026-08-05,25,1,
HAYW,success,2026-07-01,2026-08-05,25,1,
HBAN,success,2026-07-01,2026-08-05,25,1,
HBM,success,2026-07-01,2026-08-05,25,1,
HCA,success,2026-07-01,2026-08-05,25,1,
HCC,success,2026-07-01,2026-08-05,25,1,
HCI,success,2026-07-01,2026-08-05,25,1,
HD,success,2026-07-01,2026-08-05,25,1,
HDB,success,2026-07-01,2026-08-05,25,1,
HE,success,2026-07-01,2026-08-05,25,1,
HEI,success,2026-07-01,2026-08-05,25,1,
HEI-A,success,2026-07-01,2026-08-05,25,1,
HG,success,2026-07-01,2026-08-05,25,1,
HGV,success,2026-07-01,2026-08-05,25,1,
HHH,success,2026-07-01,2026-08-05,25,1,
HIG,success,2026-07-01,2026-08-05,25,1,
HII,success,2026-07-01,2026-08-05,25,1,
HIMS,success,2026-07-01,2026-08-05,25,1,
HIW,success,2026-07-01,2026-08-05,25,1,
HL,success,2026-07-01,2026-08-05,25,1,
HLI,success,2026-07-01,2026-08-05,25,1,
HLIO,success,2026-07-01,2026-08-05,25,1,
HLMN,success,2026-07-01,2026-08-05,25,1,
HLNE,success,2026-07-01,2026-08-05,25,1,
HLT,success,2026-07-01,2026-08-05,25,1,
HMC,success,2026-07-01,2026-08-05,25,1,
HMN,success,2026-07-01,2026-08-05,25,1,
HNGE,success,2026-07-01,2026-08-05,25,1,
HNI,success,2026-07-01,2026-08-05,25,1,
HOG,success,2026-07-01,2026-08-05,25,1,
HOMB,success,2026-07-01,2026-08-05,25,1,
HON,success,2026-07-01,2026-08-05,25,1,
HONA,success,2026-07-01,2026-08-05,25,1,
HOOD,success,2026-07-01,2026-08-05,25,1,
HOPE,success,2026-07-01,2026-08-05,25,1,
HP,success,2026-07-01,2026-08-05,25,1,
HPE,success,2026-07-01,2026-08-05,25,1,
HPQ,success,2026-07-01,2026-08-05,25,1,
HQY,success,2026-07-01,2026-08-05,25,1,
HR,success,2026-07-01,2026-08-05,25,1,
HRB,success,2026-07-01,2026-08-05,25,1,
HRI,success,2026-07-01,2026-08-05,25,1,
HRL,success,2026-07-01,2026-08-05,25,1,
HRMY,success,2026-07-01,2026-08-05,25,1,
HSBC,success,2026-07-01,2026-08-05,25,1,
HSIC,success,2026-07-01,2026-08-05,25,1,
HST,success,2026-07-01,2026-08-05,25,1,
HSY,success,2026-07-01,2026-08-05,25,1,
HTFL,success,2026-07-01,2026-08-05,25,1,
HTGC,success,2026-07-01,2026-08-05,25,1,
HTO,success,2026-07-01,2026-08-05,25,1,
HUBB,success,2026-07-01,2026-08-05,25,1,
HUBS,success,2026-07-01,2026-08-05,25,1,
HUM,success,2026-07-01,2026-08-05,25,1,
HUN,success,2026-07-01,2026-08-05,25,1,
HURN,success,2026-07-01,2026-08-05,25,1,
HUT,success,2026-07-01,2026-08-05,25,1,
HWC,success,2026-07-01,2026-08-05,25,1,
HWKN,success,2026-07-01,2026-08-05,25,1,
HWM,success,2026-07-01,2026-08-05,25,1,
HYMC,success,2026-07-01,2026-08-05,25,1,
IAG,success,2026-07-01,2026-08-05,25,1,
IBKR,success,2026-07-01,2026-08-05,25,1,
IBM,success,2026-07-01,2026-08-05,25,1,
IBN,success,2026-07-01,2026-08-05,25,1,
IBOC,success,2026-07-01,2026-08-05,25,1,
IBP,success,2026-07-01,2026-08-05,25,1,
IBRX,success,2026-07-01,2026-08-05,25,1,
ICE,success,2026-07-01,2026-08-05,25,1,
ICHR,success,2026-07-01,2026-08-05,25,1,
ICL,success,2026-07-01,2026-08-05,25,1,
ICLR,success,2026-07-01,2026-08-05,25,1,
ICUI,success,2026-07-01,2026-08-05,25,1,
IDA,success,2026-07-01,2026-08-05,25,1,
IDCC,success,2026-07-01,2026-08-05,25,1,
IDXX,success,2026-07-01,2026-08-05,25,1,
IDYA,success,2026-07-01,2026-08-05,25,1,
IE,success,2026-07-01,2026-08-05,25,1,
IESC,success,2026-07-01,2026-08-05,25,1,
IEX,success,2026-07-01,2026-08-05,25,1,
IFF,success,2026-07-01,2026-08-05,25,1,
IFS,success,2026-07-01,2026-08-05,25,1,
IHS,success,2026-07-01,2026-08-05,25,1,
IIPR,success,2026-07-01,2026-08-05,25,1,
ILMN,success,2026-07-01,2026-08-05,25,1,
IMAX,success,2026-07-01,2026-08-05,25,1,
IMKTA,success,2026-07-01,2026-08-05,25,1,
IMNM,success,2026-07-01,2026-08-05,25,1,
IMO,success,2026-07-01,2026-08-05,25,1,
IMVT,success,2026-07-01,2026-08-05,25,1,
INCY,success,2026-07-01,2026-08-05,25,1,
INDB,success,2026-07-01,2026-08-05,25,1,
INFQ,success,2026-07-01,2026-08-05,25,1,
ING,success,2026-07-01,2026-08-05,25,1,
INGM,success,2026-07-01,2026-08-05,25,1,
INGR,success,2026-07-01,2026-08-05,25,1,
INIO,success,2026-07-01,2026-08-05,25,1,
INOD,success,2026-07-01,2026-08-05,25,1,
INSM,success,2026-07-01,2026-08-05,25,1,
INSP,success,2026-07-01,2026-08-05,25,1,
INSW,success,2026-07-01,2026-08-05,25,1,
INTA,success,2026-07-01,2026-08-05,25,1,
INTC,success,2026-07-01,2026-08-05,25,1,
INTR,success,2026-07-01,2026-08-05,25,1,
INTU,success,2026-07-01,2026-08-05,25,1,
INVH,success,2026-07-01,2026-08-05,25,1,
INVX,success,2026-07-01,2026-08-05,25,1,
IOND,success,2026-07-28,2026-08-05,7,1,
IONQ,success,2026-07-01,2026-08-05,25,1,
IONS,success,2026-07-01,2026-08-05,25,1,
IOSP,success,2026-07-01,2026-08-05,25,1,
IOT,success,2026-07-01,2026-08-05,25,1,
IOVA,success,2026-07-01,2026-08-05,25,1,
IP,success,2026-07-01,2026-08-05,25,1,
IPAR,success,2026-07-01,2026-08-05,25,1,
IPGP,success,2026-07-01,2026-08-05,25,1,
IQV,success,2026-07-01,2026-08-05,25,1,
IR,success,2026-07-01,2026-08-05,25,1,
IRDM,success,2026-07-01,2026-08-05,25,1,
IREN,success,2026-07-01,2026-08-05,25,1,
IRM,success,2026-07-01,2026-08-05,25,1,
IRON,success,2026-07-01,2026-08-05,25,1,
IRT,success,2026-07-01,2026-08-05,25,1,
IRTC,success,2026-07-01,2026-08-05,25,1,
ISRG,success,2026-07-01,2026-08-05,25,1,
IT,success,2026-07-01,2026-08-05,25,1,
ITGR,success,2026-07-01,2026-08-05,25,1,
ITRI,success,2026-07-01,2026-08-05,25,1,
ITT,success,2026-07-01,2026-08-05,25,1,
ITW,success,2026-07-01,2026-08-05,25,1,
IVT,success,2026-07-01,2026-08-05,25,1,
IVZ,success,2026-07-01,2026-08-05,25,1,
J,success,2026-07-01,2026-08-05,25,1,
JAN,success,2026-07-01,2026-08-05,25,1,
JAZZ,success,2026-07-01,2026-08-05,25,1,
JBHT,success,2026-07-01,2026-08-05,25,1,
JBL,success,2026-07-01,2026-08-05,25,1,
JBLU,success,2026-07-01,2026-08-05,25,1,
JBS,success,2026-07-01,2026-08-05,25,1,
JBTM,success,2026-07-01,2026-08-05,25,1,
JCI,success,2026-07-01,2026-08-05,25,1,
JEF,success,2026-07-01,2026-08-05,25,1,
JHX,success,2026-07-01,2026-08-05,25,1,
JKHY,success,2026-07-01,2026-08-05,25,1,
JLL,success,2026-07-01,2026-08-05,25,1,
JMKE,success,2026-07-30,2026-08-05,5,1,
JNJ,success,2026-07-01,2026-08-05,25,1,
JOBY,success,2026-07-01,2026-08-05,25,1,
JOE,success,2026-07-01,2026-08-05,25,1,
JPM,success,2026-07-01,2026-08-05,25,1,
JXN,success,2026-07-01,2026-08-05,25,1,
KAI,success,2026-07-01,2026-08-05,25,1,
KALU,success,2026-07-01,2026-08-05,25,1,
KARD,success,2026-07-01,2026-08-05,25,1,
KARO,success,2026-07-01,2026-08-05,25,1,
KBH,success,2026-07-01,2026-08-05,25,1,
KBR,success,2026-07-01,2026-08-05,25,1,
KD,success,2026-07-01,2026-08-05,25,1,
KDP,success,2026-07-01,2026-08-05,25,1,
KEEL,success,2026-07-01,2026-08-05,25,1,
KEN,success,2026-07-01,2026-08-05,25,1,
KEP,success,2026-07-01,2026-08-05,25,1,
KEX,success,2026-07-01,2026-08-05,25,1,
KEY,success,2026-07-01,2026-08-05,25,1,
KEYS,success,2026-07-01,2026-08-05,25,1,
KFY,success,2026-07-01,2026-08-05,25,1,
KGC,success,2026-07-01,2026-08-05,25,1,
KGS,success,2026-07-01,2026-08-05,25,1,
KHC,success,2026-07-01,2026-08-05,25,1,
KIM,success,2026-07-01,2026-08-05,25,1,
KKR,success,2026-07-01,2026-08-05,25,1,
KLAC,success,2026-07-01,2026-08-05,25,1,
KLAR,success,2026-07-01,2026-08-05,25,1,
KLIC,success,2026-07-01,2026-08-05,25,1,
KLRA,success,2026-07-01,2026-08-05,25,1,
KMB,success,2026-07-01,2026-08-05,25,1,
KMI,success,2026-07-01,2026-08-05,25,1,
KMT,success,2026-07-01,2026-08-05,25,1,
KN,success,2026-07-01,2026-08-05,25,1,
KNF,success,2026-07-01,2026-08-05,25,1,
KNSA,success,2026-07-01,2026-08-05,25,1,
KNSL,success,2026-07-01,2026-08-05,25,1,
KNTK,success,2026-07-01,2026-08-05,25,1,
KO,success,2026-07-01,2026-08-05,25,1,
KOD,success,2026-07-01,2026-08-05,25,1,
KR,success,2026-07-01,2026-08-05,25,1,
KRC,success,2026-07-01,2026-08-05,25,1,
KRG,success,2026-07-01,2026-08-05,25,1,
KRMN,success,2026-07-01,2026-08-05,25,1,
KSS,success,2026-07-01,2026-08-05,25,1,
KT,success,2026-07-01,2026-08-05,25,1,
KTB,success,2026-07-01,2026-08-05,25,1,
KTOS,success,2026-07-01,2026-08-05,25,1,
KVUE,success,2026-07-01,2026-08-05,25,1,
KVYO,success,2026-07-01,2026-08-05,25,1,
KWR,success,2026-07-01,2026-08-05,25,1,
KYIV,success,2026-07-01,2026-08-05,25,1,
KYMR,success,2026-07-01,2026-08-05,25,1,
LAD,success,2026-07-01,2026-08-05,25,1,
LAMR,success,2026-07-01,2026-08-05,25,1,
LASR,success,2026-07-01,2026-08-05,25,1,
LAUR,success,2026-07-01,2026-08-05,25,1,
LAZ,success,2026-07-01,2026-08-05,25,1,
LBRDA,success,2026-07-01,2026-08-05,25,1,
LBRDK,success,2026-07-01,2026-08-05,25,1,
LBRT,success,2026-07-01,2026-08-05,25,1,
LBTYA,success,2026-07-01,2026-08-05,25,1,
LBTYB,success,2026-07-01,2026-08-05,25,1,
LBTYK,success,2026-07-01,2026-08-05,25,1,
LCID,success,2026-07-01,2026-08-05,25,1,
LDOS,success,2026-07-01,2026-08-05,25,1,
LEA,success,2026-07-01,2026-08-05,25,1,
LECO,success,2026-07-01,2026-08-05,25,1,
LEN,success,2026-07-01,2026-08-05,25,1,
LEU,success,2026-07-01,2026-08-05,25,1,
LEVI,success,2026-07-01,2026-08-05,25,1,
LFST,success,2026-07-01,2026-08-05,25,1,
LFTO,success,2026-07-01,2026-08-05,25,1,
LFUS,success,2026-07-01,2026-08-05,25,1,
LGN,success,2026-07-01,2026-08-05,25,1,
LGND,success,2026-07-01,2026-08-05,25,1,
LH,success,2026-07-01,2026-08-05,25,1,
LHX,success,2026-07-01,2026-08-05,25,1,
LIF,success,2026-07-01,2026-08-05,25,1,
LII,success,2026-07-01,2026-08-05,25,1,
LILA,success,2026-07-01,2026-08-05,25,1,
LILAK,success,2026-07-01,2026-08-05,25,1,
LIME,success,2026-07-01,2026-08-05,25,1,
LIN,success,2026-07-01,2026-08-05,25,1,
LINE,success,2026-07-01,2026-08-05,25,1,
LION,success,2026-07-01,2026-08-05,25,1,
LITE,success,2026-07-01,2026-08-05,25,1,
LIVN,success,2026-07-01,2026-08-05,25,1,
LKQ,success,2026-07-01,2026-08-05,25,1,
LLY,success,2026-07-01,2026-08-05,25,1,
LLYVA,success,2026-07-01,2026-08-05,25,1,
LLYVK,success,2026-07-01,2026-08-05,25,1,
LMAT,success,2026-07-01,2026-08-05,25,1,
LMND,success,2026-07-01,2026-08-05,25,1,
LMT,success,2026-07-01,2026-08-05,25,1,
LNC,success,2026-07-01,2026-08-05,25,1,
LNG,success,2026-07-01,2026-08-05,25,1,
LNT,success,2026-07-01,2026-08-05,25,1,
LNTH,success,2026-07-01,2026-08-05,25,1,
LOAR,success,2026-07-01,2026-08-05,25,1,
LOB,success,2026-07-01,2026-08-05,25,1,
LOPE,success,2026-07-01,2026-08-05,25,1,
LOW,success,2026-07-01,2026-08-05,25,1,
LPG,success,2026-07-01,2026-08-05,25,1,
LPLA,success,2026-07-01,2026-08-05,25,1,
LPX,success,2026-07-01,2026-08-05,25,1,
LQDA,success,2026-07-01,2026-08-05,25,1,
LRCX,success,2026-07-01,2026-08-05,25,1,
LRN,success,2026-07-01,2026-08-05,25,1,
LSCC,success,2026-07-01,2026-08-05,25,1,
LSTR,success,2026-07-01,2026-08-05,25,1,
LTC,success,2026-07-01,2026-08-05,25,1,
LTH,success,2026-07-01,2026-08-05,25,1,
LULU,success,2026-07-01,2026-08-05,25,1,
LUMN,success,2026-07-01,2026-08-05,25,1,
LUNR,success,2026-07-01,2026-08-05,25,1,
LUV,success,2026-07-01,2026-08-05,25,1,
LVS,success,2026-07-01,2026-08-05,25,1,
LW,success,2026-07-01,2026-08-05,25,1,
LXP,success,2026-07-01,2026-08-05,25,1,
LYB,success,2026-07-01,2026-08-05,25,1,
LYFT,success,2026-07-01,2026-08-05,25,1,
LYV,success,2026-07-01,2026-08-05,25,1,
LZB,success,2026-07-01,2026-08-05,25,1,
M,success,2026-07-01,2026-08-05,25,1,
MA,success,2026-07-01,2026-08-05,25,1,
MAA,success,2026-07-01,2026-08-05,25,1,
MAAS,success,2026-07-01,2026-08-05,25,1,
MAC,success,2026-07-01,2026-08-05,25,1,
MAIN,success,2026-07-01,2026-08-05,25,1,
MAIR,success,2026-07-01,2026-08-05,25,1,
MAN,success,2026-07-01,2026-08-05,25,1,
MANE,success,2026-07-01,2026-08-05,25,1,
MANH,success,2026-07-01,2026-08-05,25,1,
MANU,success,2026-07-01,2026-08-05,25,1,
MARA,success,2026-07-01,2026-08-05,25,1,
MAS,success,2026-07-01,2026-08-05,25,1,
MAT,success,2026-07-01,2026-08-05,25,1,
MATX,success,2026-07-01,2026-08-05,25,1,
MBGL,success,2026-07-01,2026-08-05,25,1,
MBIN,success,2026-07-01,2026-08-05,25,1,
MBLY,success,2026-07-01,2026-08-05,25,1,
MBX,success,2026-07-01,2026-08-05,25,1,
MC,success,2026-07-01,2026-08-05,25,1,
MCD,success,2026-07-01,2026-08-05,25,1,
MCHB,success,2026-07-01,2026-08-05,25,1,
MCHP,success,2026-07-01,2026-08-05,25,1,
MCK,success,2026-07-01,2026-08-05,25,1,
MCO,success,2026-07-01,2026-08-05,25,1,
MCRI,success,2026-07-01,2026-08-05,25,1,
MCY,success,2026-07-01,2026-08-05,25,1,
MD,success,2026-07-01,2026-08-05,25,1,
MDA,success,2026-07-01,2026-08-05,25,1,
MDB,success,2026-07-01,2026-08-05,25,1,
MDGL,success,2026-07-01,2026-08-05,25,1,
MDLN,success,2026-07-01,2026-08-05,25,1,
MDLZ,success,2026-07-01,2026-08-05,25,1,
MDT,success,2026-07-01,2026-08-05,25,1,
MDU,success,2026-07-01,2026-08-05,25,1,
MEDP,success,2026-07-01,2026-08-05,25,1,
MELI,success,2026-07-01,2026-08-05,25,1,
MEOH,success,2026-07-01,2026-08-05,25,1,
MET,success,2026-07-01,2026-08-05,25,1,
META,success,2026-07-01,2026-08-05,25,1,
MFC,success,2026-07-01,2026-08-05,25,1,
MFP,success,2026-07-01,2026-08-05,25,1,
MGA,success,2026-07-01,2026-08-05,25,1,
MGEE,success,2026-07-01,2026-08-05,25,1,
MGM,success,2026-07-01,2026-08-05,25,1,
MGNI,success,2026-07-01,2026-08-05,25,1,
MGRC,success,2026-07-01,2026-08-05,25,1,
MGY,success,2026-07-01,2026-08-05,25,1,
MH,success,2026-07-01,2026-08-05,25,1,
MHK,success,2026-07-01,2026-08-05,25,1,
MHO,success,2026-07-01,2026-08-05,25,1,
MIAX,success,2026-07-01,2026-08-05,25,1,
MICC,success,2026-07-01,2026-08-05,25,1,
MIDD,success,2026-07-01,2026-08-05,25,1,
MIR,success,2026-07-01,2026-08-05,25,1,
MIRM,success,2026-07-01,2026-08-05,25,1,
MKC,success,2026-07-01,2026-08-05,25,1,
MKC-V,success,2026-07-01,2026-08-05,25,1,
MKL,success,2026-07-01,2026-08-05,25,1,
MKSI,success,2026-07-01,2026-08-05,25,1,
MKTX,success,2026-07-01,2026-08-05,25,1,
MLI,success,2026-07-01,2026-08-05,25,1,
MLM,success,2026-07-01,2026-08-05,25,1,
MLYS,success,2026-07-01,2026-08-05,25,1,
MMED,success,2026-07-01,2026-08-05,25,1,
MMM,success,2026-07-01,2026-08-05,25,1,
MMS,success,2026-07-01,2026-08-05,25,1,
MMSI,success,2026-07-01,2026-08-05,25,1,
MNDY,success,2026-07-01,2026-08-05,25,1,
MNST,success,2026-07-01,2026-08-05,25,1,
MOD,success,2026-07-01,2026-08-05,25,1,
MOG-A,success,2026-07-01,2026-08-05,25,1,
MOG-B,success,2026-07-01,2026-08-05,25,1,
MOH,success,2026-07-01,2026-08-05,25,1,
MORN,success,2026-07-01,2026-08-05,25,1,
MOS,success,2026-07-01,2026-08-05,25,1,
MP,success,2026-07-01,2026-08-05,25,1,
MPC,success,2026-07-01,2026-08-05,25,1,
MPT,success,2026-07-01,2026-08-05,25,1,
MPWR,success,2026-07-01,2026-08-05,25,1,
MQ,success,2026-07-01,2026-08-05,25,1,
MRCY,success,2026-07-01,2026-08-05,25,1,
MRK,success,2026-07-01,2026-08-05,25,1,
MRNA,success,2026-07-01,2026-08-05,25,1,
MRP,success,2026-07-01,2026-08-05,25,1,
MRSH,success,2026-07-01,2026-08-05,25,1,
MRVL,success,2026-07-01,2026-08-05,25,1,
MRX,success,2026-07-01,2026-08-05,25,1,
MS,success,2026-07-01,2026-08-05,25,1,
MSA,success,2026-07-01,2026-08-05,25,1,
MSCI,success,2026-07-01,2026-08-05,25,1,
MSFT,success,2026-07-01,2026-08-05,25,1,
MSGE,success,2026-07-01,2026-08-05,25,1,
MSGS,success,2026-07-01,2026-08-05,25,1,
MSI,success,2026-07-01,2026-08-05,25,1,
MSM,success,2026-07-01,2026-08-05,25,1,
MSTR,success,2026-07-01,2026-08-05,25,1,
MTB,success,2026-07-01,2026-08-05,25,1,
MTCH,success,2026-07-01,2026-08-05,25,1,
MTD,success,2026-07-01,2026-08-05,25,1,
MTDR,success,2026-07-01,2026-08-05,25,1,
MTG,success,2026-07-01,2026-08-05,25,1,
MTH,success,2026-07-01,2026-08-05,25,1,
MTN,success,2026-07-01,2026-08-05,25,1,
MTSI,success,2026-07-01,2026-08-05,25,1,
MTX,success,2026-07-01,2026-08-05,25,1,
MTZ,success,2026-07-01,2026-08-05,25,1,
MU,success,2026-07-01,2026-08-05,25,1,
MUFG,success,2026-07-01,2026-08-05,25,1,
MUR,success,2026-07-01,2026-08-05,25,1,
MUSA,success,2026-07-01,2026-08-05,25,1,
MWA,success,2026-07-01,2026-08-05,25,1,
MWH,success,2026-07-01,2026-08-05,25,1,
MXL,success,2026-07-01,2026-08-05,25,1,
MYRG,success,2026-07-01,2026-08-05,25,1,
MZTI,success,2026-07-01,2026-08-05,25,1,
NAMS,success,2026-07-01,2026-08-05,25,1,
NATL,success,2026-07-01,2026-08-05,25,1,
NAVN,success,2026-07-01,2026-08-05,25,1,
NBHC,success,2026-07-01,2026-08-05,25,1,
NBIS,success,2026-07-01,2026-08-05,25,1,
NBIX,success,2026-07-01,2026-08-05,25,1,
NBTB,success,2026-07-01,2026-08-05,25,1,
NCLH,success,2026-07-01,2026-08-05,25,1,
NCNO,success,2026-07-01,2026-08-05,25,1,
NDAQ,success,2026-07-01,2026-08-05,25,1,
NDSN,success,2026-07-01,2026-08-05,25,1,
NE,success,2026-07-01,2026-08-05,25,1,
NEE,success,2026-07-01,2026-08-05,25,1,
NEO,success,2026-07-01,2026-08-05,25,1,
NEOG,success,2026-07-01,2026-08-05,25,1,
NESR,success,2026-07-01,2026-08-05,25,1,
NET,success,2026-07-01,2026-08-05,25,1,
NEU,success,2026-07-01,2026-08-05,25,1,
NEXA,success,2026-07-01,2026-08-05,25,1,
NEXT,success,2026-07-01,2026-08-05,25,1,
NFG,success,2026-07-01,2026-08-05,25,1,
NFLX,success,2026-07-01,2026-08-05,25,1,
NGVT,success,2026-07-01,2026-08-05,25,1,
NHC,success,2026-07-01,2026-08-05,25,1,
NHI,success,2026-07-01,2026-08-05,25,1,
NI,success,2026-07-01,2026-08-05,25,1,
NIC,success,2026-07-01,2026-08-05,25,1,
NIQ,success,2026-07-01,2026-08-05,25,1,
NJR,success,2026-07-01,2026-08-05,25,1,
NKE,success,2026-07-01,2026-08-05,25,1,
NKTR,success,2026-07-01,2026-08-05,25,1,
NLY,success,2026-07-01,2026-08-05,25,1,
NMIH,success,2026-07-01,2026-08-05,25,1,
NMRK,success,2026-07-01,2026-08-05,25,1,
NN,success,2026-07-01,2026-08-05,25,1,
NNI,success,2026-07-01,2026-08-05,25,1,
NNN,success,2026-07-01,2026-08-05,25,1,
NOC,success,2026-07-01,2026-08-05,25,1,
NOG,success,2026-07-01,2026-08-05,25,1,
NOV,success,2026-07-01,2026-08-05,25,1,
NOVT,success,2026-07-01,2026-08-05,25,1,
NOW,success,2026-07-01,2026-08-05,25,1,
NP,success,2026-07-01,2026-08-05,25,1,
NPO,success,2026-07-01,2026-08-05,25,1,
NRG,success,2026-07-01,2026-08-05,25,1,
NRIX,success,2026-07-01,2026-08-05,25,1,
NSC,success,2026-07-01,2026-08-05,25,1,
NSIT,success,2026-07-01,2026-08-05,25,1,
NSP,success,2026-07-01,2026-08-05,25,1,
NTAP,success,2026-07-01,2026-08-05,25,1,
NTB,success,2026-07-01,2026-08-05,25,1,
NTCT,success,2026-07-01,2026-08-05,25,1,
NTNX,success,2026-07-01,2026-08-05,25,1,
NTR,success,2026-07-01,2026-08-05,25,1,
NTRA,success,2026-07-01,2026-08-05,25,1,
NTRS,success,2026-07-01,2026-08-05,25,1,
NTSK,success,2026-07-01,2026-08-05,25,1,
NTST,success,2026-07-01,2026-08-05,25,1,
NU,success,2026-07-01,2026-08-05,25,1,
NUE,success,2026-07-01,2026-08-05,25,1,
NUVB,success,2026-07-01,2026-08-05,25,1,
NVCR,success,2026-07-01,2026-08-05,25,1,
NVDA,success,2026-07-01,2026-08-05,25,1,
NVMI,success,2026-07-01,2026-08-05,25,1,
NVO,success,2026-07-01,2026-08-05,25,1,
NVR,success,2026-07-01,2026-08-05,25,1,
NVS,success,2026-07-01,2026-08-05,25,1,
NVST,success,2026-07-01,2026-08-05,25,1,
NVT,success,2026-07-01,2026-08-05,25,1,
NVTS,success,2026-07-01,2026-08-05,25,1,
NWBI,success,2026-07-01,2026-08-05,25,1,
NWE,success,2026-07-01,2026-08-05,25,1,
NWL,success,2026-07-01,2026-08-05,25,1,
NWN,success,2026-07-01,2026-08-05,25,1,
NWS,success,2026-07-01,2026-08-05,25,1,
NWSA,success,2026-07-01,2026-08-05,25,1,
NXE,success,2026-07-01,2026-08-05,25,1,
NXPI,success,2026-07-01,2026-08-05,25,1,
NXST,success,2026-07-01,2026-08-05,25,1,
NXT,success,2026-07-01,2026-08-05,25,1,
NYAX,success,2026-07-01,2026-08-05,25,1,
NYT,success,2026-07-01,2026-08-05,25,1,
O,success,2026-07-01,2026-08-05,25,1,
OBDC,success,2026-07-01,2026-08-05,25,1,
OBK,success,2026-07-01,2026-08-05,25,1,
OC,success,2026-07-01,2026-08-05,25,1,
OCFC,success,2026-07-01,2026-08-05,25,1,
OCTV,success,2026-07-01,2026-08-05,25,1,
ODFL,success,2026-07-01,2026-08-05,25,1,
OFG,success,2026-07-01,2026-08-05,25,1,
OGC,success,2026-07-01,2026-08-05,25,1,
OGE,success,2026-07-01,2026-08-05,25,1,
OGN,success,2026-07-01,2026-08-05,25,1,
OGS,success,2026-07-01,2026-08-05,25,1,
OHI,success,2026-07-01,2026-08-05,25,1,
OII,success,2026-07-01,2026-08-05,25,1,
OKE,success,2026-07-01,2026-08-05,25,1,
OKLO,success,2026-07-01,2026-08-05,25,1,
OKTA,success,2026-07-01,2026-08-05,25,1,
OLED,success,2026-07-01,2026-08-05,25,1,
OLLI,success,2026-07-01,2026-08-05,25,1,
OLN,success,2026-07-01,2026-08-05,25,1,
OMC,success,2026-07-01,2026-08-05,25,1,
OMCL,success,2026-07-01,2026-08-05,25,1,
OMF,success,2026-07-01,2026-08-05,25,1,
ON,success,2026-07-01,2026-08-05,25,1,
ONB,success,2026-07-01,2026-08-05,25,1,
ONDS,success,2026-07-01,2026-08-05,25,1,
ONON,success,2026-07-01,2026-08-05,25,1,
ONTO,success,2026-07-01,2026-08-05,25,1,
OPCH,success,2026-07-01,2026-08-05,25,1,
OPEN,success,2026-07-01,2026-08-05,25,1,
OPLN,success,2026-07-01,2026-08-05,25,1,
OR,success,2026-07-01,2026-08-05,25,1,
ORA,success,2026-07-01,2026-08-05,25,1,
ORCL,success,2026-07-01,2026-08-05,25,1,
ORI,success,2026-07-01,2026-08-05,25,1,
ORKA,success,2026-07-01,2026-08-05,25,1,
ORLY,success,2026-07-01,2026-08-05,25,1,
OSCR,success,2026-07-01,2026-08-05,25,1,
OSIS,success,2026-07-01,2026-08-05,25,1,
OSK,success,2026-07-01,2026-08-05,25,1,
OSW,success,2026-07-01,2026-08-05,25,1,
OTEX,success,2026-07-01,2026-08-05,25,1,
OTF,success,2026-07-01,2026-08-05,25,1,
OTIS,success,2026-07-01,2026-08-05,25,1,
OTTR,success,2026-07-01,2026-08-05,25,1,
OUST,success,2026-07-01,2026-08-05,25,1,
OUT,success,2026-07-01,2026-08-05,25,1,
OWL,success,2026-07-01,2026-08-05,25,1,
OXY,success,2026-07-01,2026-08-05,25,1,
OZK,success,2026-07-01,2026-08-05,25,1,
P,success,2026-07-01,2026-08-05,25,1,
PAAS,success,2026-07-01,2026-08-05,25,1,
PACS,success,2026-07-01,2026-08-05,25,1,
PAG,success,2026-07-01,2026-08-05,25,1,
PAGS,success,2026-07-01,2026-08-05,25,1,
PANW,success,2026-07-01,2026-08-05,25,1,
PARR,success,2026-07-01,2026-08-05,25,1,
PATH,success,2026-07-01,2026-08-05,25,1,
PATK,success,2026-07-01,2026-08-05,25,1,
PAX,success,2026-07-01,2026-08-05,25,1,
PAY,success,2026-07-01,2026-08-05,25,1,
PAYC,success,2026-07-01,2026-08-05,25,1,
PAYO,success,2026-07-01,2026-08-05,25,1,
PAYX,success,2026-07-01,2026-08-05,25,1,
PB,success,2026-07-01,2026-08-05,25,1,
PBA,success,2026-07-01,2026-08-05,25,1,
PBF,success,2026-07-01,2026-08-05,25,1,
PBH,success,2026-07-01,2026-08-05,25,1,
PBI,success,2026-07-01,2026-08-05,25,1,
PBLS,success,2026-07-01,2026-08-05,25,1,
PCAR,success,2026-07-01,2026-08-05,25,1,
PCG,success,2026-07-01,2026-08-05,25,1,
PCOR,success,2026-07-01,2026-08-05,25,1,
PCTY,success,2026-07-01,2026-08-05,25,1,
PCVX,success,2026-07-01,2026-08-05,25,1,
PDFS,success,2026-07-01,2026-08-05,25,1,
PEB,success,2026-07-01,2026-08-05,25,1,
PECO,success,2026-07-01,2026-08-05,25,1,
PEG,success,2026-07-01,2026-08-05,25,1,
PEGA,success,2026-07-01,2026-08-05,25,1,
PEN,success,2026-07-01,2026-08-05,25,1,
PENG,success,2026-07-01,2026-08-05,25,1,
PENN,success,2026-07-01,2026-08-05,25,1,
PEP,success,2026-07-01,2026-08-05,25,1,
PFE,success,2026-07-01,2026-08-05,25,1,
PFG,success,2026-07-01,2026-08-05,25,1,
PFGC,success,2026-07-01,2026-08-05,25,1,
PFS,success,2026-07-01,2026-08-05,25,1,
PFSI,success,2026-07-01,2026-08-05,25,1,
PG,success,2026-07-01,2026-08-05,25,1,
PGEN,success,2026-07-01,2026-08-05,25,1,
PGNY,success,2026-07-01,2026-08-05,25,1,
PGR,success,2026-07-01,2026-08-05,25,1,
PGY,success,2026-07-01,2026-08-05,25,1,
PH,success,2026-07-01,2026-08-05,25,1,
PHIN,success,2026-07-01,2026-08-05,25,1,
PHM,success,2026-07-01,2026-08-05,25,1,
PHVS,success,2026-07-01,2026-08-05,25,1,
PI,success,2026-07-01,2026-08-05,25,1,
PICS,success,2026-07-01,2026-08-05,25,1,
PII,success,2026-07-01,2026-08-05,25,1,
PINS,success,2026-07-01,2026-08-05,25,1,
PIPR,success,2026-07-01,2026-08-05,25,1,
PJT,success,2026-07-01,2026-08-05,25,1,
PK,success,2026-07-01,2026-08-05,25,1,
PKG,success,2026-07-01,2026-08-05,25,1,
PL,success,2026-07-01,2026-08-05,25,1,
PLAB,success,2026-07-01,2026-08-05,25,1,
PLBL,success,2026-07-01,2026-08-05,25,1,
PLD,success,2026-07-01,2026-08-05,25,1,
PLGO,success,2026-07-01,2026-08-05,25,1,
PLMR,success,2026-07-01,2026-08-05,25,1,
PLNT,success,2026-07-01,2026-08-05,25,1,
PLPC,success,2026-07-01,2026-08-05,25,1,
PLSE,success,2026-07-01,2026-08-05,25,1,
PLTR,success,2026-07-01,2026-08-05,25,1,
PLUG,success,2026-07-01,2026-08-05,25,1,
PLUS,success,2026-07-01,2026-08-05,25,1,
PLXS,success,2026-07-01,2026-08-05,25,1,
PM,success,2026-07-01,2026-08-05,25,1,
PNC,success,2026-07-01,2026-08-05,25,1,
PNFP,success,2026-07-01,2026-08-05,25,1,
PNR,success,2026-07-01,2026-08-05,25,1,
PNW,success,2026-07-01,2026-08-05,25,1,
PODD,success,2026-07-01,2026-08-05,25,1,
POOL,success,2026-07-01,2026-08-05,25,1,
POR,success,2026-07-01,2026-08-05,25,1,
POST,success,2026-07-01,2026-08-05,25,1,
POWI,success,2026-07-01,2026-08-05,25,1,
POWL,success,2026-07-01,2026-08-05,25,1,
PPC,success,2026-07-01,2026-08-05,25,1,
PPG,success,2026-07-01,2026-08-05,25,1,
PPL,success,2026-07-01,2026-08-05,25,1,
PPLI,success,2026-07-01,2026-08-05,25,1,
PPTA,success,2026-07-01,2026-08-05,25,1,
PR,success,2026-07-01,2026-08-05,25,1,
PRAX,success,2026-07-01,2026-08-05,25,1,
PRCH,success,2026-07-01,2026-08-05,25,1,
PRDO,success,2026-07-01,2026-08-05,25,1,
PRG,success,2026-07-01,2026-08-05,25,1,
PRGO,success,2026-07-01,2026-08-05,25,1,
PRGS,success,2026-07-01,2026-08-05,25,1,
PRI,success,2026-07-01,2026-08-05,25,1,
PRIM,success,2026-07-01,2026-08-05,25,1,
PRK,success,2026-07-01,2026-08-05,25,1,
PRKS,success,2026-07-01,2026-08-05,25,1,
PRLB,success,2026-07-01,2026-08-05,25,1,
PRM,success,2026-07-01,2026-08-05,25,1,
PRMB,success,2026-07-01,2026-08-05,25,1,
PRU,success,2026-07-01,2026-08-05,25,1,
PRVA,success,2026-07-01,2026-08-05,25,1,
PS,success,2026-07-01,2026-08-05,25,1,
PSA,success,2026-07-01,2026-08-05,25,1,
PSKY,success,2026-07-01,2026-08-05,25,1,
PSMT,success,2026-07-01,2026-08-05,25,1,
PSN,success,2026-07-01,2026-08-05,25,1,
PSO,success,2026-07-01,2026-08-05,25,1,
PSX,success,2026-07-01,2026-08-05,25,1,
PTC,success,2026-07-01,2026-08-05,25,1,
PTCT,success,2026-07-01,2026-08-05,25,1,
PTEN,success,2026-07-01,2026-08-05,25,1,
PTGX,success,2026-07-01,2026-08-05,25,1,
PTON,success,2026-07-01,2026-08-05,25,1,
PTRN,success,2026-07-01,2026-08-05,25,1,
PUK,success,2026-07-01,2026-08-05,25,1,
PVH,success,2026-07-01,2026-08-05,25,1,
PVLA,success,2026-07-01,2026-08-05,25,1,
PWR,success,2026-07-01,2026-08-05,25,1,
PYPL,success,2026-07-01,2026-08-05,25,1,
Q,success,2026-07-01,2026-08-05,25,1,
QCOM,success,2026-07-01,2026-08-05,25,1,
QCRH,success,2026-07-01,2026-08-05,25,1,
QGEN,success,2026-07-01,2026-08-05,25,1,
QLYS,success,2026-07-01,2026-08-05,25,1,
QNT,success,2026-07-01,2026-08-05,25,1,
QRVO,success,2026-07-01,2026-08-05,25,1,
QS,success,2026-07-01,2026-08-05,25,1,
QSR,success,2026-07-01,2026-08-05,25,1,
QTWO,success,2026-07-01,2026-08-05,25,1,
QUBT,success,2026-07-01,2026-08-05,25,1,
QURE,success,2026-07-01,2026-08-05,25,1,
QXO,success,2026-07-01,2026-08-05,25,1,
R,success,2026-07-01,2026-08-05,25,1,
RACE,success,2026-07-01,2026-08-05,25,1,
RAL,success,2026-07-01,2026-08-05,25,1,
RAMP,success,2026-07-01,2026-08-05,25,1,
RAPP,success,2026-07-01,2026-08-05,25,1,
RARE,success,2026-07-01,2026-08-05,25,1,
RBA,success,2026-07-01,2026-08-05,25,1,
RBC,success,2026-07-01,2026-08-05,25,1,
RBCAA,success,2026-07-01,2026-08-05,25,1,
RBLX,success,2026-07-01,2026-08-05,25,1,
RBRK,success,2026-07-01,2026-08-05,25,1,
RCI,success,2026-07-01,2026-08-05,25,1,
RCL,success,2026-07-01,2026-08-05,25,1,
RCUS,success,2026-07-01,2026-08-05,25,1,
RDDT,success,2026-07-01,2026-08-05,25,1,
RDN,success,2026-07-01,2026-08-05,25,1,
RDNT,success,2026-07-01,2026-08-05,25,1,
RDW,success,2026-07-01,2026-08-05,25,1,
RDY,success,2026-07-01,2026-08-05,25,1,
REG,success,2026-07-01,2026-08-05,25,1,
REGN,success,2026-07-01,2026-08-05,25,1,
RELY,success,2026-07-01,2026-08-05,25,1,
REXR,success,2026-07-01,2026-08-05,25,1,
REYN,success,2026-07-01,2026-08-05,25,1,
REZI,success,2026-07-01,2026-08-05,25,1,
RF,success,2026-07-01,2026-08-05,25,1,
RGA,success,2026-07-01,2026-08-05,25,1,
RGC,success,2026-07-01,2026-08-05,25,1,
RGEN,success,2026-07-01,2026-08-05,25,1,
RGLD,success,2026-07-01,2026-08-05,25,1,
RGTI,success,2026-07-01,2026-08-05,25,1,
RH,success,2026-07-01,2026-08-05,25,1,
RHI,success,2026-07-01,2026-08-05,25,1,
RHP,success,2026-07-01,2026-08-05,25,1,
RIG,success,2026-07-01,2026-08-05,25,1,
RIO,success,2026-07-01,2026-08-05,25,1,
RIOT,success,2026-07-01,2026-08-05,25,1,
RITM,success,2026-07-01,2026-08-05,25,1,
RIVN,success,2026-07-01,2026-08-05,25,1,
RJF,success,2026-07-01,2026-08-05,25,1,
RKLB,success,2026-07-01,2026-08-05,25,1,
RKT,success,2026-07-01,2026-08-05,25,1,
RL,success,2026-07-01,2026-08-05,25,1,
RLAY,success,2026-07-01,2026-08-05,25,1,
RLI,success,2026-07-01,2026-08-05,25,1,
RLJ,success,2026-07-01,2026-08-05,25,1,
RMBS,success,2026-07-01,2026-08-05,25,1,
RMD,success,2026-07-01,2026-08-05,25,1,
RNG,success,2026-07-01,2026-08-05,25,1,
RNR,success,2026-07-01,2026-08-05,25,1,
RNST,success,2026-07-01,2026-08-05,25,1,
ROAD,success,2026-07-01,2026-08-05,25,1,
ROG,success,2026-07-01,2026-08-05,25,1,
ROIV,success,2026-07-01,2026-08-05,25,1,
ROK,success,2026-07-01,2026-08-05,25,1,
ROKU,success,2026-07-01,2026-08-05,25,1,
ROL,success,2026-07-01,2026-08-05,25,1,
ROP,success,2026-07-01,2026-08-05,25,1,
ROST,success,2026-07-01,2026-08-05,25,1,
RPM,success,2026-07-01,2026-08-05,25,1,
RPRX,success,2026-07-01,2026-08-05,25,1,
RRC,success,2026-07-01,2026-08-05,25,1,
RRR,success,2026-07-01,2026-08-05,25,1,
RRX,success,2026-07-01,2026-08-05,25,1,
RS,success,2026-07-01,2026-08-05,25,1,
RSG,success,2026-07-01,2026-08-05,25,1,
RSI,success,2026-07-01,2026-08-05,25,1,
RTX,success,2026-07-01,2026-08-05,25,1,
RUM,success,2026-07-01,2026-08-05,25,1,
RUN,success,2026-07-01,2026-08-05,25,1,
RUSHA,success,2026-07-01,2026-08-05,25,1,
RUSHB,success,2026-07-01,2026-08-05,25,1,
RVLV,success,2026-07-01,2026-08-05,25,1,
RVMD,success,2026-07-01,2026-08-05,25,1,
RVT,success,2026-07-01,2026-08-05,25,1,
RVTY,success,2026-07-01,2026-08-05,25,1,
RXO,success,2026-07-01,2026-08-05,25,1,
RXRX,success,2026-07-01,2026-08-05,25,1,
RY,success,2026-07-01,2026-08-05,25,1,
RYAN,success,2026-07-01,2026-08-05,25,1,
RYN,success,2026-07-01,2026-08-05,25,1,
RYTM,success,2026-07-01,2026-08-05,25,1,
S,success,2026-07-01,2026-08-05,25,1,
SA,success,2026-07-01,2026-08-05,25,1,
SAH,success,2026-07-01,2026-08-05,25,1,
SAIA,success,2026-07-01,2026-08-05,25,1,
SAIC,success,2026-07-01,2026-08-05,25,1,
SAIL,success,2026-07-01,2026-08-05,25,1,
SAM,success,2026-07-01,2026-08-05,25,1,
SANM,success,2026-07-01,2026-08-05,25,1,
SARO,success,2026-07-01,2026-08-05,25,1,
SBAC,success,2026-07-01,2026-08-05,25,1,
SBCF,success,2026-07-01,2026-08-05,25,1,
SBLK,success,2026-07-01,2026-08-05,25,1,
SBRA,success,2026-07-01,2026-08-05,25,1,
SBUX,success,2026-07-01,2026-08-05,25,1,
SCCO,success,2026-07-01,2026-08-05,25,1,
SCHW,success,2026-07-01,2026-08-05,25,1,
SCI,success,2026-07-01,2026-08-05,25,1,
SDRL,success,2026-07-01,2026-08-05,25,1,
SEB,success,2026-07-01,2026-08-05,25,1,
SEDG,success,2026-07-01,2026-08-05,25,1,
SEI,success,2026-07-01,2026-08-05,25,1,
SEIC,success,2026-07-01,2026-08-05,25,1,
SEPN,success,2026-07-01,2026-08-05,25,1,
SEZL,success,2026-07-01,2026-08-05,25,1,
SF,success,2026-07-01,2026-08-05,25,1,
SFBS,success,2026-07-01,2026-08-05,25,1,
SFD,success,2026-07-01,2026-08-05,25,1,
SFM,success,2026-07-01,2026-08-05,25,1,
SFNC,success,2026-07-01,2026-08-05,25,1,
SGHC,success,2026-07-01,2026-08-05,25,1,
SGI,success,2026-07-01,2026-08-05,25,1,
SGRY,success,2026-07-01,2026-08-05,25,1,
SHAK,success,2026-07-01,2026-08-05,25,1,
SHAZ,success,2026-07-01,2026-08-05,25,1,
SHC,success,2026-07-01,2026-08-05,25,1,
SHO,success,2026-07-01,2026-08-05,25,1,
SHOO,success,2026-07-01,2026-08-05,25,1,
SHOP,success,2026-07-01,2026-08-05,25,1,
SHW,success,2026-07-01,2026-08-05,25,1,
SIG,success,2026-07-01,2026-08-05,25,1,
SIGI,success,2026-07-01,2026-08-05,25,1,
SII,success,2026-07-01,2026-08-05,25,1,
SIND,success,2026-07-01,2026-08-05,25,1,
SION,success,2026-07-01,2026-08-05,25,1,
SIRI,success,2026-07-01,2026-08-05,25,1,
SITE,success,2026-07-01,2026-08-05,25,1,
SITM,success,2026-07-01,2026-08-05,25,1,
SJM,success,2026-07-01,2026-08-05,25,1,
SKE,success,2026-07-01,2026-08-05,25,1,
SKM,success,2026-07-01,2026-08-05,25,1,
SKT,success,2026-07-01,2026-08-05,25,1,
SKWD,success,2026-07-01,2026-08-05,25,1,
SKY,success,2026-07-01,2026-08-05,25,1,
SKYW,success,2026-07-01,2026-08-05,25,1,
SLAB,success,2026-07-01,2026-08-05,25,1,
SLB,success,2026-07-01,2026-08-05,25,1,
SLDE,success,2026-07-01,2026-08-05,25,1,
SLF,success,2026-07-01,2026-08-05,25,1,
SLG,success,2026-07-01,2026-08-05,25,1,
SLGN,success,2026-07-01,2026-08-05,25,1,
SLM,success,2026-07-01,2026-08-05,25,1,
SLS,success,2026-07-01,2026-08-05,25,1,
SM,success,2026-07-01,2026-08-05,25,1,
SMA,success,2026-07-01,2026-08-05,25,1,
SMCI,success,2026-07-01,2026-08-05,25,1,
SMG,success,2026-07-01,2026-08-05,25,1,
SMMT,success,2026-07-01,2026-08-05,25,1,
SMR,success,2026-07-01,2026-08-05,25,1,
SMTC,success,2026-07-01,2026-08-05,25,1,
SN,success,2026-07-01,2026-08-05,25,1,
SNA,success,2026-07-01,2026-08-05,25,1,
SNAP,success,2026-07-01,2026-08-05,25,1,
SNDA,success,2026-07-01,2026-08-05,25,1,
SNDK,success,2026-07-01,2026-08-05,25,1,
SNDR,success,2026-07-01,2026-08-05,25,1,
SNDX,success,2026-07-01,2026-08-05,25,1,
SNEX,success,2026-07-01,2026-08-05,25,1,
SNN,success,2026-07-01,2026-08-05,25,1,
SNOW,success,2026-07-01,2026-08-05,25,1,
SNPS,success,2026-07-01,2026-08-05,25,1,
SNX,success,2026-07-01,2026-08-05,25,1,
SO,success,2026-07-01,2026-08-05,25,1,
SOBO,success,2026-07-01,2026-08-05,25,1,
SOFI,success,2026-07-01,2026-08-05,25,1,
SOLS,success,2026-07-01,2026-08-05,25,1,
SOLV,success,2026-07-01,2026-08-05,25,1,
SON,success,2026-07-01,2026-08-05,25,1,
SONO,success,2026-07-01,2026-08-05,25,1,
SOUN,success,2026-07-01,2026-08-05,25,1,
SPB,success,2026-07-01,2026-08-05,25,1,
SPCX,success,2026-07-01,2026-08-05,25,1,
SPG,success,2026-07-01,2026-08-05,25,1,
SPGI,success,2026-07-01,2026-08-05,25,1,
SPHR,success,2026-07-01,2026-08-05,25,1,
SPNT,success,2026-07-01,2026-08-05,25,1,
SPOT,success,2026-07-01,2026-08-05,25,1,
SPSC,success,2026-07-01,2026-08-05,25,1,
SPXC,success,2026-07-01,2026-08-05,25,1,
SQM,success,2026-07-01,2026-08-05,25,1,
SR,success,2026-07-01,2026-08-05,25,1,
SRCE,success,2026-07-01,2026-08-05,25,1,
SRE,success,2026-07-01,2026-08-05,25,1,
SRPT,success,2026-07-01,2026-08-05,25,1,
SRRK,success,2026-07-01,2026-08-05,25,1,
SSB,success,2026-07-01,2026-08-05,25,1,
SSD,success,2026-07-01,2026-08-05,25,1,
SSMR,success,2026-07-01,2026-08-05,25,1,
SSNC,success,2026-07-01,2026-08-05,25,1,
SSRM,success,2026-07-01,2026-08-05,25,1,
ST,success,2026-07-01,2026-08-05,25,1,
STAG,success,2026-07-01,2026-08-05,25,1,
STBA,success,2026-07-01,2026-08-05,25,1,
STC,success,2026-07-01,2026-08-05,25,1,
STE,success,2026-07-01,2026-08-05,25,1,
STEP,success,2026-07-01,2026-08-05,25,1,
STGW,success,2026-07-01,2026-08-05,25,1,
STLA,success,2026-07-01,2026-08-05,25,1,
STLD,success,2026-07-01,2026-08-05,25,1,
STM,success,2026-07-01,2026-08-05,25,1,
STN,success,2026-07-01,2026-08-05,25,1,
STNE,success,2026-07-01,2026-08-05,25,1,
STNG,success,2026-07-01,2026-08-05,25,1,
STOK,success,2026-07-01,2026-08-05,25,1,
STRA,success,2026-07-01,2026-08-05,25,1,
STRL,success,2026-07-01,2026-08-05,25,1,
STT,success,2026-07-01,2026-08-05,25,1,
STUB,success,2026-07-01,2026-08-05,25,1,
STVN,success,2026-07-01,2026-08-05,25,1,
STX,success,2026-07-01,2026-08-05,25,1,
STZ,success,2026-07-01,2026-08-05,25,1,
SU,success,2026-07-01,2026-08-05,25,1,
SUI,success,2026-07-01,2026-08-05,25,1,
SUNB,success,2026-07-01,2026-08-05,25,1,
SVM,success,2026-07-01,2026-08-05,25,1,
SVV,success,2026-07-01,2026-08-05,25,1,
SW,success,2026-07-01,2026-08-05,25,1,
SWK,success,2026-07-01,2026-08-05,25,1,
SWKS,success,2026-07-01,2026-08-05,25,1,
SWX,success,2026-07-01,2026-08-05,25,1,
SXI,success,2026-07-01,2026-08-05,25,1,
SXT,success,2026-07-01,2026-08-05,25,1,
SYBT,success,2026-07-01,2026-08-05,25,1,
SYF,success,2026-07-01,2026-08-05,25,1,
SYK,success,2026-07-01,2026-08-05,25,1,
SYM,success,2026-07-01,2026-08-05,25,1,
SYNA,success,2026-07-01,2026-08-05,25,1,
SYRE,success,2026-07-01,2026-08-05,25,1,
SYY,success,2026-07-01,2026-08-05,25,1,
TAC,success,2026-07-01,2026-08-05,25,1,
TALO,success,2026-07-01,2026-08-05,25,1,
TAP,success,2026-07-01,2026-08-05,25,1,
TAP-A,success,2026-07-01,2026-08-05,25,1,
TARS,success,2026-07-01,2026-08-05,25,1,
TBBB,success,2026-07-01,2026-08-05,25,1,
TBBK,success,2026-07-01,2026-08-05,25,1,
TCBI,success,2026-07-01,2026-08-05,25,1,
TCBK,success,2026-07-01,2026-08-05,25,1,
TD,success,2026-07-01,2026-08-05,25,1,
TDC,success,2026-07-01,2026-08-05,25,1,
TDG,success,2026-07-01,2026-08-05,25,1,
TDS,success,2026-07-01,2026-08-05,25,1,
TDW,success,2026-07-01,2026-08-05,25,1,
TDY,success,2026-07-01,2026-08-05,25,1,
TEAM,success,2026-07-01,2026-08-05,25,1,
TECH,success,2026-07-01,2026-08-05,25,1,
TECK,success,2026-07-01,2026-08-05,25,1,
TEL,success,2026-07-01,2026-08-05,25,1,
TEM,success,2026-07-01,2026-08-05,25,1,
TENB,success,2026-07-01,2026-08-05,25,1,
TER,success,2026-07-01,2026-08-05,25,1,
TEX,success,2026-07-01,2026-08-05,25,1,
TFC,success,2026-07-01,2026-08-05,25,1,
TFII,success,2026-07-01,2026-08-05,25,1,
TFIN,success,2026-07-01,2026-08-05,25,1,
TFPM,success,2026-07-01,2026-08-05,25,1,
TFX,success,2026-07-01,2026-08-05,25,1,
TGB,success,2026-07-01,2026-08-05,25,1,
TGLS,success,2026-07-01,2026-08-05,25,1,
TGS,success,2026-07-01,2026-08-05,25,1,
TGT,success,2026-07-01,2026-08-05,25,1,
THC,success,2026-07-01,2026-08-05,25,1,
THO,success,2026-07-01,2026-08-05,25,1,
TIC,success,2026-07-01,2026-08-05,25,1,
TIGO,success,2026-07-01,2026-08-05,25,1,
TILE,success,2026-07-01,2026-08-05,25,1,
TJX,success,2026-07-01,2026-08-05,25,1,
TKC,success,2026-07-01,2026-08-05,25,1,
TKO,success,2026-07-01,2026-08-05,25,1,
TKR,success,2026-07-01,2026-08-05,25,1,
TLN,success,2026-07-01,2026-08-05,25,1,
TM,success,2026-07-01,2026-08-05,25,1,
TMC,success,2026-07-01,2026-08-05,25,1,
TMDX,success,2026-07-01,2026-08-05,25,1,
TMO,success,2026-07-01,2026-08-05,25,1,
TMUS,success,2026-07-01,2026-08-05,25,1,
TNET,success,2026-07-01,2026-08-05,25,1,
TNGX,success,2026-07-01,2026-08-05,25,1,
TNL,success,2026-07-01,2026-08-05,25,1,
TOL,success,2026-07-01,2026-08-05,25,1,
TOST,success,2026-07-01,2026-08-05,25,1,
TOWN,success,2026-07-01,2026-08-05,25,1,
TPC,success,2026-07-01,2026-08-05,25,1,
TPG,success,2026-07-01,2026-08-05,25,1,
TPL,success,2026-07-01,2026-08-05,25,1,
TPR,success,2026-07-01,2026-08-05,25,1,
TR,success,2026-07-01,2026-08-05,25,1,
TREX,success,2026-07-01,2026-08-05,25,1,
TRGP,success,2026-07-01,2026-08-05,25,1,
TRI,success,2026-07-01,2026-08-05,25,1,
TRMB,success,2026-07-01,2026-08-05,25,1,
TRMD,success,2026-07-01,2026-08-05,25,1,
TRMK,success,2026-07-01,2026-08-05,25,1,
TRN,success,2026-07-01,2026-08-05,25,1,
TRNO,success,2026-07-01,2026-08-05,25,1,
TROW,success,2026-07-01,2026-08-05,25,1,
TRP,success,2026-07-01,2026-08-05,25,1,
TRU,success,2026-07-01,2026-08-05,25,1,
TRV,success,2026-07-01,2026-08-05,25,1,
TRVI,success,2026-07-01,2026-08-05,25,1,
TSCO,success,2026-07-01,2026-08-05,25,1,
TSEM,success,2026-07-01,2026-08-05,25,1,
TSHA,success,2026-07-01,2026-08-05,25,1,
TSLA,success,2026-07-01,2026-08-05,25,1,
TSLX,success,2026-07-01,2026-08-05,25,1,
TTAM,success,2026-07-01,2026-08-05,25,1,
TTAN,success,2026-07-01,2026-08-05,25,1,
TTC,success,2026-07-01,2026-08-05,25,1,
TTD,success,2026-07-01,2026-08-05,25,1,
TTE,success,2026-07-01,2026-08-05,25,1,
TTEK,success,2026-07-01,2026-08-05,25,1,
TTMI,success,2026-07-01,2026-08-05,25,1,
TTWO,success,2026-07-01,2026-08-05,25,1,
TU,success,2026-07-01,2026-08-05,25,1,
TVTX,success,2026-07-01,2026-08-05,25,1,
TW,success,2026-07-01,2026-08-05,25,1,
TWLO,success,2026-07-01,2026-08-05,25,1,
TXG,success,2026-07-01,2026-08-05,25,1,
TXN,success,2026-07-01,2026-08-05,25,1,
TXNM,success,2026-07-01,2026-08-05,25,1,
TXRH,success,2026-07-01,2026-08-05,25,1,
TXT,success,2026-07-01,2026-08-05,25,1,
TY,success,2026-07-01,2026-08-05,25,1,
TYL,success,2026-07-01,2026-08-05,25,1,
U,success,2026-07-01,2026-08-05,25,1,
UA,success,2026-07-01,2026-08-05,25,1,
UAA,success,2026-07-01,2026-08-05,25,1,
UAL,success,2026-07-01,2026-08-05,25,1,
UBER,success,2026-07-01,2026-08-05,25,1,
UBS,success,2026-07-01,2026-08-05,25,1,
UBSI,success,2026-07-01,2026-08-05,25,1,
UCB,success,2026-07-01,2026-08-05,25,1,
UCTT,success,2026-07-01,2026-08-05,25,1,
UDR,success,2026-07-01,2026-08-05,25,1,
UE,success,2026-07-01,2026-08-05,25,1,
UEC,success,2026-07-01,2026-08-05,25,1,
UFPI,success,2026-07-01,2026-08-05,25,1,
UFPT,success,2026-07-01,2026-08-05,25,1,
UGI,success,2026-07-01,2026-08-05,25,1,
UHAL,success,2026-07-01,2026-08-05,25,1,
UHAL-B,success,2026-07-01,2026-08-05,25,1,
UHS,success,2026-07-01,2026-08-05,25,1,
UI,success,2026-07-01,2026-08-05,25,1,
ULCC,success,2026-07-01,2026-08-05,25,1,
ULS,success,2026-07-01,2026-08-05,25,1,
ULTA,success,2026-07-01,2026-08-05,25,1,
UMBF,success,2026-07-01,2026-08-05,25,1,
UMC,success,2026-07-01,2026-08-05,25,1,
UNF,success,2026-07-01,2026-08-05,25,1,
UNFI,success,2026-07-01,2026-08-05,25,1,
UNH,success,2026-07-01,2026-08-05,25,1,
UNIT,success,2026-07-01,2026-08-05,25,1,
UNM,success,2026-07-01,2026-08-05,25,1,
UNP,success,2026-07-01,2026-08-05,25,1,
UPS,success,2026-07-01,2026-08-05,25,1,
UPST,success,2026-07-01,2026-08-05,25,1,
URBN,success,2026-07-01,2026-08-05,25,1,
URGN,success,2026-07-01,2026-08-05,25,1,
URI,success,2026-07-01,2026-08-05,25,1,
USAR,success,2026-07-01,2026-08-05,25,1,
USB,success,2026-07-01,2026-08-05,25,1,
USFD,success,2026-07-01,2026-08-05,25,1,
USLM,success,2026-07-01,2026-08-05,25,1,
UTHR,success,2026-07-01,2026-08-05,25,1,
UTI,success,2026-07-01,2026-08-05,25,1,
UUUU,success,2026-07-01,2026-08-05,25,1,
VAC,success,2026-07-01,2026-08-05,25,1,
VAL,success,2026-07-01,2026-08-05,25,1,
VC,success,2026-07-01,2026-08-05,25,1,
VCEL,success,2026-07-01,2026-08-05,25,1,
VCTR,success,2026-07-01,2026-08-05,25,1,
VCYT,success,2026-07-01,2026-08-05,25,1,
VECO,success,2026-07-01,2026-08-05,25,1,
VEEV,success,2026-07-01,2026-08-05,25,1,
VERA,success,2026-07-01,2026-08-05,25,1,
VERX,success,2026-07-01,2026-08-05,25,1,
VFC,success,2026-07-01,2026-08-05,25,1,
VFS,success,2026-07-01,2026-08-05,25,1,
VG,success,2026-07-01,2026-08-05,25,1,
VGNT,success,2026-07-01,2026-08-05,25,1,
VIA,success,2026-07-01,2026-08-05,25,1,
VIAV,success,2026-07-01,2026-08-05,25,1,
VICI,success,2026-07-01,2026-08-05,25,1,
VICR,success,2026-07-01,2026-08-05,25,1,
VIK,success,2026-07-01,2026-08-05,25,1,
VIRT,success,2026-07-01,2026-08-05,25,1,
VISN,success,2026-07-01,2026-08-05,25,1,
VKTX,success,2026-07-01,2026-08-05,25,1,
VLO,success,2026-07-01,2026-08-05,25,1,
VLTO,success,2026-07-01,2026-08-05,25,1,
VLY,success,2026-07-01,2026-08-05,25,1,
VMC,success,2026-07-01,2026-08-05,25,1,
VMI,success,2026-07-01,2026-08-05,25,1,
VNO,success,2026-07-01,2026-08-05,25,1,
VNOM,success,2026-07-01,2026-08-05,25,1,
VNT,success,2026-07-01,2026-08-05,25,1,
VOYA,success,2026-07-01,2026-08-05,25,1,
VOYG,success,2026-07-01,2026-08-05,25,1,
VRDN,success,2026-07-01,2026-08-05,25,1,
VRNS,success,2026-07-01,2026-08-05,25,1,
VRSK,success,2026-07-01,2026-08-05,25,1,
VRSN,success,2026-07-01,2026-08-05,25,1,
VRT,success,2026-07-01,2026-08-05,25,1,
VRTX,success,2026-07-01,2026-08-05,25,1,
VSAT,success,2026-07-01,2026-08-05,25,1,
VSEC,success,2026-07-01,2026-08-05,25,1,
VSH,success,2026-07-01,2026-08-05,25,1,
VSNT,success,2026-07-01,2026-08-05,25,1,
VST,success,2026-07-01,2026-08-05,25,1,
VSTS,success,2026-07-01,2026-08-05,25,1,
VSXY,success,2026-07-01,2026-08-05,25,1,
VTR,success,2026-07-01,2026-08-05,25,1,
VTRS,success,2026-07-01,2026-08-05,25,1,
VVV,success,2026-07-01,2026-08-05,25,1,
VVX,success,2026-07-01,2026-08-05,25,1,
VZ,success,2026-07-01,2026-08-05,25,1,
W,success,2026-07-01,2026-08-05,25,1,
WAB,success,2026-07-01,2026-08-05,25,1,
WAFD,success,2026-07-01,2026-08-05,25,1,
WAL,success,2026-07-01,2026-08-05,25,1,
WAT,success,2026-07-01,2026-08-05,25,1,
WAY,success,2026-07-01,2026-08-05,25,1,
WBD,success,2026-07-01,2026-08-05,25,1,
WBS,success,2026-07-01,2026-08-05,25,1,
WCC,success,2026-07-01,2026-08-05,25,1,
WCN,success,2026-07-01,2026-08-05,25,1,
WD,success,2026-07-01,2026-08-05,25,1,
WDAY,success,2026-07-01,2026-08-05,25,1,
WDC,success,2026-07-01,2026-08-05,25,1,
WDFC,success,2026-07-01,2026-08-05,25,1,
WEC,success,2026-07-01,2026-08-05,25,1,
WELL,success,2026-07-01,2026-08-05,25,1,
WERN,success,2026-07-01,2026-08-05,25,1,
WEX,success,2026-07-01,2026-08-05,25,1,
WFC,success,2026-07-01,2026-08-05,25,1,
WFG,success,2026-07-01,2026-08-05,25,1,
WFRD,success,2026-07-01,2026-08-05,25,1,
WGS,success,2026-07-01,2026-08-05,25,1,
WH,success,2026-07-01,2026-08-05,25,1,
WHD,success,2026-07-01,2026-08-05,25,1,
WHR,success,2026-07-01,2026-08-05,25,1,
WING,success,2026-07-01,2026-08-05,25,1,
WIT,success,2026-07-01,2026-08-05,25,1,
WIX,success,2026-07-01,2026-08-05,25,1,
WK,success,2026-07-01,2026-08-05,25,1,
WKC,success,2026-07-01,2026-08-05,25,1,
WLK,success,2026-07-01,2026-08-05,25,1,
WLY,success,2026-07-01,2026-08-05,25,1,
WLYB,success,2026-07-01,2026-08-05,25,1,
WM,success,2026-07-01,2026-08-05,25,1,
WMB,success,2026-07-01,2026-08-05,25,1,
WMG,success,2026-07-01,2026-08-05,25,1,
WMK,success,2026-07-01,2026-08-05,25,1,
WMS,success,2026-07-01,2026-08-05,25,1,
WMT,success,2026-07-01,2026-08-05,25,1,
WOR,success,2026-07-01,2026-08-05,25,1,
WPC,success,2026-07-01,2026-08-05,25,1,
WPM,success,2026-07-01,2026-08-05,25,1,
WRB,success,2026-07-01,2026-08-05,25,1,
WRBY,success,2026-07-01,2026-08-05,25,1,
WS,success,2026-07-01,2026-08-05,25,1,
WSBC,success,2026-07-01,2026-08-05,25,1,
WSC,success,2026-07-01,2026-08-05,25,1,
WSE,success,2026-07-01,2026-08-05,25,1,
WSFS,success,2026-07-01,2026-08-05,25,1,
WSM,success,2026-07-01,2026-08-05,25,1,
WSO,success,2026-07-01,2026-08-05,25,1,
WSO-B,success,2026-07-01,2026-08-05,25,1,
WST,success,2026-07-01,2026-08-05,25,1,
WT,success,2026-07-01,2026-08-05,25,1,
WTFC,success,2026-07-01,2026-08-05,25,1,
WTM,success,2026-07-01,2026-08-05,25,1,
WTRG,success,2026-07-01,2026-08-05,25,1,
WTS,success,2026-07-01,2026-08-05,25,1,
WTTR,success,2026-07-01,2026-08-05,25,1,
WTW,success,2026-07-01,2026-08-05,25,1,
WU,success,2026-07-01,2026-08-05,25,1,
WULF,success,2026-07-01,2026-08-05,25,1,
WWD,success,2026-07-01,2026-08-05,25,1,
WY,success,2026-07-01,2026-08-05,25,1,
WYNN,success,2026-07-01,2026-08-05,25,1,
XE,success,2026-07-01,2026-08-05,25,1,
XEL,success,2026-07-01,2026-08-05,25,1,
XENE,success,2026-07-01,2026-08-05,25,1,
XHR,success,2026-07-01,2026-08-05,25,1,
XMTR,success,2026-07-01,2026-08-05,25,1,
XNDU,success,2026-07-01,2026-08-05,25,1,
XOM,success,2026-07-01,2026-08-05,25,1,
XP,success,2026-07-01,2026-08-05,25,1,
XPO,success,2026-07-01,2026-08-05,25,1,
XPRO,success,2026-07-01,2026-08-05,25,1,
XRAY,success,2026-07-01,2026-08-05,25,1,
XYL,success,2026-07-01,2026-08-05,25,1,
XYZ,success,2026-07-01,2026-08-05,25,1,
YETI,success,2026-07-01,2026-08-05,25,1,
YOU,success,2026-07-01,2026-08-05,25,1,
YSS,success,2026-07-01,2026-08-05,25,1,
YUMC,success,2026-07-01,2026-08-05,25,1,
Z,success,2026-07-01,2026-08-05,25,1,
ZBH,success,2026-07-01,2026-08-05,25,1,
ZBIO,success,2026-07-01,2026-08-05,25,1,
ZBRA,success,2026-07-01,2026-08-05,25,1,
ZD,success,2026-07-01,2026-08-05,25,1,
ZETA,success,2026-07-01,2026-08-05,25,1,
ZG,success,2026-07-01,2026-08-05,25,1,
ZGN,success,2026-07-01,2026-08-05,25,1,
ZIM,success,2026-07-01,2026-08-05,25,1,
ZION,success,2026-07-01,2026-08-05,25,1,
ZM,success,2026-07-01,2026-08-05,25,1,
ZS,success,2026-07-01,2026-08-05,25,1,
ZTS,success,2026-07-01,2026-08-05,25,1,
ZWS,success,2026-07-01,2026-08-05,25,1,
ZYME,success,2026-07-01,2026-08-05,25,1,
